id,domain,status,purchase_price,renewal_price,attractiveness,demand,length,registrar,created_at,expires_at,status_verified_at
ccfbc73b-1322-4383-97af-7019debe4c73,shorter.direct,available,17.99,41.99,high,low,7,namesilo,,,27/09/2026 17:41
e69837c8-7287-462a-8890-9537081eb1cf,crowe.direct,available,17.99,41.99,medium,low,5,namesilo,,,28/09/2026 12:13
0edadfbf-5c59-4eae-a3ff-fcc0ef3ebed0,salaried.direct,available,14.98,53.98,high,low,8,namecheap,,,12/08/2026 19:23
55011bc1-ef09-4027-b767-366bcf8d8e28,emphatic.direct,available,14.98,53.98,high,low,8,namecheap,,,16/08/2026 16:45
2d4b4285-d278-43fd-baa0-13cbe3d327e1,obtain.direct,available,17.99,41.99,high,low,6,namesilo,,,27/09/2026 06:58
8d8d74fa-14fb-495a-872f-31b32f5479d9,phony.direct,available,14.98,53.98,medium,low,5,namecheap,,,08/08/2026 23:09
6c7f37e1-bf18-478f-8093-8d117cbb94c3,agent.direct,resell,,,high,medium,5,"Global Domains International, Inc. DBA DomainCostClub.com",03/07/2026 15:15,03/07/2027 15:15,26/09/2026 01:26
d0eb624b-6e74-4b74-b40f-cdb5dae4f58b,troglodyte.direct,available,14.98,53.98,medium,low,10,namecheap,,,09/09/2026 11:43
223e4b8e-7bf2-49cd-aa66-3611489cf59d,buffalo.direct,premium,128.7,128.7,high,low,7,namecheap,,,18/09/2026 19:11
68319360-fd3f-4b02-a4fb-01e9e400d5b5,sinner.direct,available,10.81,33.47,medium,low,6,porkbun,,,29/09/2026 18:50
abdbc114-a67a-4464-9b70-32c47a144861,arrester.direct,available,17.99,41.99,medium,low,8,namesilo,,,20/09/2026 09:09
b226f404-ecbf-4867-b231-3a8baf172034,herself.direct,available,17.99,41.99,medium,low,7,namesilo,,,26/09/2026 03:24
dff73f0e-398f-411e-a163-d4fe890a2322,calming.direct,available,14.98,53.98,high,low,7,namecheap,,,19/09/2026 20:28
bc7b1cef-e6ce-424f-940f-87bd2f1ec5b2,toed.direct,available,14.98,53.98,medium,low,4,namecheap,,,11/09/2026 16:41
a1dbe3f0-1d55-4a36-958f-4a1f21f18fed,verbalise.direct,available,14.98,53.98,medium,low,9,namecheap,,,13/09/2026 00:16
60c5219d-6c82-493d-9656-f97f8c1de2b0,listening.direct,available,17.99,41.99,high,low,9,namesilo,,,25/09/2026 09:00
085134c6-f731-4523-9f3f-09abc225d724,stemmed.direct,available,14.98,53.98,high,low,7,namecheap,,,11/08/2026 22:33
fefe0c3c-3541-4bcd-a31d-7da60132010a,wholesome.direct,available,13.14,33.32,high,low,9,spaceship,,,28/09/2026 10:32
4829a2fa-9f61-4e6b-9076-869dcfdf862a,harassment.direct,available,13.14,33.32,high,low,10,spaceship,,,27/09/2026 13:56
84de3460-2eb1-45d1-b475-9bd6390c9bb3,bihar.direct,available,17.99,41.99,high,low,5,namesilo,,,23/09/2026 15:31
e808403d-9dd8-4ccf-b313-20d37fe3297e,mystery.direct,available,17.99,41.99,high,low,7,namesilo,,,24/09/2026 15:55
6c289c87-013e-481f-8e51-f78d7d45f568,fidgety.direct,available,14.98,53.98,medium,low,7,namecheap,,,05/08/2026 20:32
7c36d2c6-5621-4f89-aa5e-2956ab5b14f0,snooty.direct,available,14.98,53.98,medium,low,6,namecheap,,,09/08/2026 20:39
efd88158-3dbf-40d3-a03d-e3d43e35d872,landings.direct,available,17.99,41.99,medium,low,8,namesilo,,,30/09/2026 00:42
c3678961-a519-4d11-86df-5310a9965521,radiantly.direct,available,14.98,53.98,medium,low,9,namecheap,,,15/09/2026 22:18
93838ae3-b2ae-458a-8732-fefd6cfdbb0c,holla.direct,available,17.99,41.99,high,low,5,namesilo,,,23/09/2026 06:19
7f0750df-99c7-4826-ac9a-af5d9fdf5e28,childish.direct,available,14.98,53.98,high,low,8,namecheap,,,12/08/2026 05:02
28cd1393-35e0-4a45-b7ab-f60a6d730a91,percival.direct,available,10.81,33.47,high,low,8,porkbun,,,28/09/2026 16:27
3f8d101b-8aa0-4300-a8d2-68a069319e11,velocities.direct,available,17.99,41.99,medium,low,10,namesilo,,,18/09/2026 19:40
51266105-0b74-4785-b144-60630854e77f,swimmingly.direct,available,14.98,53.98,medium,low,10,namecheap,,,16/09/2026 02:58
44170f40-6a15-4bb5-90f9-f430f4624223,beloit.direct,available,17.99,41.99,medium,low,6,namesilo,,,29/09/2026 22:33
69fcc35c-07be-458e-865b-8da8dc43b91c,balk.direct,available,14.98,53.98,medium,low,4,namecheap,,,14/08/2026 04:55
b8a0f8d1-105c-45b2-b340-01fee8cb7bfd,stieglitz.direct,available,17.99,41.99,medium,low,9,namesilo,,,18/09/2026 06:45
9541d6f0-bdb2-4719-a41c-5ca267b967f8,clubbish.direct,available,14.98,53.98,low,low,8,namecheap,,,12/08/2026 12:59
6f98b359-27ab-49c0-81e5-7e1e43b77408,rembrandt.direct,available,13.14,33.32,high,low,9,spaceship,,,28/09/2026 15:14
5544e866-3c87-4e01-a615-94d6ab447569,isomeric.direct,available,14.98,53.98,medium,low,8,namecheap,,,22/08/2026 11:08
29917e56-6f0a-498e-939f-095d2c0baba2,glaring.direct,available,14.98,53.98,high,low,7,namecheap,,,10/08/2026 13:47
5ed2179d-d9cf-40a3-83c7-0a6c48881f9c,avifauna.direct,available,17.99,41.99,medium,low,8,namesilo,,,21/09/2026 09:31
07bc3835-9ac9-4b81-aed7-7c8ed5db2775,cracking.direct,available,32.2,32.2,high,low,8,cloudflare,,,28/09/2026 05:52
ade9b374-443c-49a3-a849-3215f225be3b,suspicion.direct,available,17.99,41.99,high,low,9,namesilo,,,24/09/2026 23:14
2f2ad864-5127-49fa-a968-b260b587be22,transit.direct,resell,,,high,low,7,,,,28/09/2026 15:28
5ff39bf0-3d1a-4768-b42f-73b928c62b5b,nwo.direct,available,19.99,,high,low,3,name.com,,,
abadff9c-1653-46f2-878a-55993fdd6b7b,adviser.direct,available,10.92,34.35,high,low,7,dynadot,,,28/09/2026 19:03
83605c5a-4d4c-4422-ade2-007d08bc4049,surely.direct,available,14.98,53.98,high,low,6,namecheap,,,24/09/2026 20:56
02b57b13-9fc1-4dcd-afa6-823e4e257d6e,snipefish.direct,available,17.99,41.99,medium,low,9,namesilo,,,23/09/2026 06:28
20048c3b-17f1-458f-aa20-c5fbc94269bd,frontal.direct,available,14.98,53.98,high,low,7,namecheap,,,18/08/2026 16:15
8f04d756-b595-4f91-bbc1-078aebdcb0ad,bender.direct,available,17.99,41.99,high,low,6,namesilo,,,23/09/2026 07:44
05f90e16-d1bc-492e-abc0-7fdc325375f7,kitten.direct,available,17,,high,low,6,unstoppable,,,29/09/2026 07:25
60451a85-a7c7-42ed-9c48-2893b92c0bcc,sartre.direct,available,13.14,33.32,high,low,6,spaceship,,,29/09/2026 07:22
9e4375da-bd17-4d85-8899-bdcc8d89e98a,neodymium.direct,available,17.99,41.99,medium,low,9,namesilo,,,20/09/2026 23:22
5b13df3c-e466-4f5c-813c-1c4116d93514,alarmism.direct,available,17.99,41.99,medium,low,8,namesilo,,,18/09/2026 01:58
ac05c032-db1f-46ae-accc-28ff630ca0b7,barcarolle.direct,available,14.98,53.98,medium,low,10,namecheap,,,22/09/2026 05:06
96acfd0b-a34a-4586-87e3-5b8bf8990652,swanky.direct,available,14.98,53.98,high,low,6,namecheap,,,11/09/2026 05:15
4bef4acb-a6f8-4d60-b602-5a8f7d2b6746,carven.direct,available,14.98,53.98,medium,low,6,namecheap,,,11/08/2026 19:59
bbb6e556-7295-4fb7-922b-30c5aa9a60d9,bain.direct,available,13.14,33.32,high,low,4,spaceship,,,28/09/2026 07:18
608ef8e0-d989-4325-980f-2fe53bd56b9c,talisman.direct,available,17.99,41.99,high,low,8,namesilo,,,19/09/2026 00:12
c416b979-4f8b-4ed7-a7fe-8d3ecba7ec12,inflated.direct,available,14.98,53.98,high,low,8,namecheap,,,21/08/2026 08:47
3afa0060-ca7b-4b27-8547-d6c13346fb5c,typewriter.direct,available,13.14,33.32,high,low,10,spaceship,,,29/09/2026 02:27
05528b7f-b24f-4b07-baa8-48640cd3de9f,pureblood.direct,available,14.98,53.98,medium,low,9,namecheap,,,08/09/2026 13:00
1fe95157-e2d6-41f4-8c34-1b79be86c07d,opponents.direct,available,10.81,33.47,low,low,9,porkbun,,,29/09/2026 16:42
3790175c-afeb-4eab-8def-b68eadb61561,sheridan.direct,available,17.99,41.99,high,low,8,namesilo,,,25/09/2026 10:21
eacb3198-281f-4795-bdbe-84d73695ee53,aunty.direct,available,14.98,53.98,high,low,5,namecheap,,,21/09/2026 04:13
485d597e-b9b2-4b02-afe0-5d0227385fb2,zionist.direct,available,14.98,53.98,high,low,7,namecheap,,,13/09/2026 15:21
3095ff0c-89a5-40e5-bf1e-5e3c5233ea8a,rooms.direct,resell,,,high,low,5,"GoDaddy.com, LLC",25/05/2025 13:32,25/05/2027 13:32,26/09/2026 08:44
ec22069c-01e0-4d8a-a2e6-596fd92e725d,colonel.direct,available,17.99,41.99,high,low,7,namesilo,,,27/09/2026 03:33
b23e83f8-548b-4476-ba0a-8824aa5c2b18,despised.direct,available,14.98,53.98,medium,low,8,namecheap,,,14/08/2026 04:10
161dfceb-2b55-419c-adbd-cea5b0757224,plead.direct,available,13.14,33.32,high,low,5,spaceship,,,28/09/2026 15:36
1b8243c8-e1ac-4434-a2f8-5f0c3547e0b1,fusty.direct,available,14.98,53.98,low,low,5,namecheap,,,18/08/2026 16:42
4204f2e3-61f5-4ebc-8430-6887934b7093,garfield.direct,available,13.14,33.32,medium,low,8,spaceship,,,28/09/2026 14:15
204d81c2-0fbd-40ea-b053-4d150769813b,autocrat.direct,available,17.99,41.99,medium,low,8,namesilo,,,21/09/2026 06:11
4182c211-079a-469b-911c-def2b9fe8570,choppy.direct,available,17.99,41.99,medium,low,6,namesilo,,,23/09/2026 14:30
08ce0152-4b2c-44db-a096-00417b790326,romero.direct,available,17,,medium,low,6,unstoppable,,,29/09/2026 21:33
6b580684-0d4d-432a-91d3-4ba9c3e0fe73,rendering.direct,available,10.81,33.47,high,low,9,porkbun,,,29/09/2026 19:21
6e087445-ec96-43ff-afe6-294390a65870,cummings.direct,available,17.99,41.99,medium,low,8,namesilo,,,25/09/2026 04:27
719cdd0e-431f-4e05-8657-bc4ca8dac32c,invitations.direct,available,32.2,32.2,medium,low,11,cloudflare,,,29/09/2026 11:30
689ab848-70ed-4ac4-a0f3-2a945ae7eb9a,hypnosis.direct,available,17,,high,low,8,unstoppable,,,29/09/2026 19:14
c3a8cd0f-40ee-4ae7-804a-5576599306a4,sagging.direct,available,14.98,53.98,medium,low,7,namecheap,,,14/08/2026 19:45
a90ae76a-f3bf-4f98-ab06-630f1ea61651,marriage.direct,available,19.99,,high,low,8,name.com,,,
2868f3b5-c3e7-4050-8055-6efa488298ff,wagering.direct,available,10.92,34.35,medium,low,8,dynadot,,,28/09/2026 11:01
1ff6a33f-60ee-42cc-8c8e-75a0b36d1ca0,salacity.direct,available,17.99,41.99,medium,low,8,namesilo,,,22/09/2026 16:54
bc88cd82-1541-4faa-99c4-c81a03bf00e1,sextet.direct,available,14.98,53.98,high,low,6,namecheap,,,
6459e8db-0e0f-4834-b55f-7945a8d784d7,mettlesome.direct,available,14.98,53.98,medium,low,10,namecheap,,,24/08/2026 22:10
d333ba93-d27a-422c-be9b-fd67c6b9a1be,biotin.direct,available,19.99,50.99,high,low,6,name.com,,,23/09/2026 19:07
627732a9-c271-406a-8f0d-3eb7fe3b8ad7,holotype.direct,available,17.99,41.99,high,low,8,namesilo,,,25/09/2026 23:08
8bc9a70e-36f3-42bc-8fa3-9121fe0d5375,tipsy.direct,available,14.98,53.98,high,low,5,namecheap,,,11/09/2026 15:38
d3958589-bfdc-4566-92c4-291c92ae583a,tabs.direct,available,17.99,41.99,medium,low,4,namesilo,,,20/09/2026 01:36
8d9b2fbc-29f6-4ac8-b4ce-5f9491235430,darter.direct,available,17.99,41.99,medium,low,6,namesilo,,,19/09/2026 08:19
82ff61d8-5a17-4fdb-a499-79afe265bcaa,fuzzed.direct,available,14.98,53.98,medium,low,6,namecheap,,,18/08/2026 19:20
aa9a7798-17ce-486f-aaa5-4b5a8a14c893,wines.direct,premium,854,854,high,low,5,namesilo,,,18/09/2026 10:23
feab0ff7-a583-4b0b-8c09-b0c6435e7a18,decisions.direct,available,14.98,53.98,medium,low,9,namecheap,,,25/09/2026 21:16
829d6173-2bad-4bfc-8764-18c22b24d505,oddball.direct,available,14.98,53.98,high,low,7,namecheap,,,14/08/2026 23:25
ca5ee97a-cfdc-4ed4-b0c9-4ce52e607d05,diametric.direct,available,14.98,53.98,medium,low,9,namecheap,,,14/08/2026 05:56
c797e88b-e141-4bf3-8365-5624dd5cfc27,springbuck.direct,available,17.99,41.99,medium,low,10,namesilo,,,19/09/2026 14:19
1e666ed6-4534-4617-89d3-f0b0df553a78,dominical.direct,available,14.98,53.98,medium,low,9,namecheap,,,14/08/2026 15:42
8ae22adb-934f-41d5-b979-9dd5f8cad22b,cookies.direct,premium,102.67,102.67,high,low,7,spaceship,,,27/09/2026 23:29
efcf83f6-871d-4e05-935b-67e63130ba8c,simulated.direct,available,17.99,41.99,high,low,9,namesilo,,,28/09/2026 03:46
2d359dd7-cdee-40a9-a33a-944a3db2db39,hugging.direct,available,14.98,53.98,high,low,7,namecheap,,,24/09/2026 12:55
e6773ec3-3373-4455-b0fc-3abcd7f2ebd5,beforehand.direct,available,14.98,53.98,medium,low,10,namecheap,,,09/08/2026 08:51
89fd6bd9-ca04-48f8-8372-e7ae1f20d93e,engross.direct,available,14.98,53.98,medium,low,7,namecheap,,,10/09/2026 19:54
4b5ad295-f60f-4e4c-99e4-fa4e360adca8,hole.direct,available,13.14,33.32,medium,low,4,spaceship,,,29/09/2026 05:47
16c91999-8c04-4ffe-ba38-cf4d54b7bcdd,wisent.direct,available,17.99,41.99,medium,low,6,namesilo,,,21/09/2026 04:34
b1156b24-16dc-4802-a96f-86d2a6dcbf80,unpaired.direct,available,14.98,53.98,medium,low,8,namecheap,,,12/09/2026 15:30
1e9c3bd3-125f-407f-8b6f-a0fa0de55451,latter.direct,available,14.98,53.98,high,low,6,namecheap,,,25/09/2026 13:08
24f7293e-f53f-48f6-ba2c-5875cf01561c,oratorical.direct,available,14.98,53.98,medium,low,10,namecheap,,,04/09/2026 17:30
dc207cf2-8215-4a5c-a85c-72cbeb02f278,richelieu.direct,available,17.99,41.99,medium,low,9,namesilo,,,20/09/2026 06:31
98bf8765-da1f-474e-a6cc-d1ae171c7389,girlfriend.direct,available,17.99,41.99,high,low,10,namesilo,,,25/09/2026 23:00
c0a560ac-ac8b-440c-becf-a7c9c802f9dd,alienated.direct,available,14.98,53.98,medium,low,9,namecheap,,,
20d001cc-df6c-4847-938d-472885bf9c72,rack.direct,available,13.14,33.32,high,low,4,spaceship,,,27/09/2026 15:29
c14288cd-8713-4add-ae30-9f7f664fbea9,sadie.direct,available,13.14,33.32,medium,low,5,spaceship,,,28/09/2026 16:29
7de60914-c23b-4739-9409-556d39faeb84,doodlebug.direct,available,17.99,41.99,medium,low,9,namesilo,,,19/09/2026 12:18
327eafd5-ae38-4514-86e7-cfb82cf273e4,borodin.direct,available,17.99,41.99,high,low,7,namesilo,,,18/09/2026 05:02
7b579b94-0854-41d4-ace6-c85d3ac2ce3a,capitalist.direct,available,14.98,53.98,high,low,10,namecheap,,,11/08/2026 17:55
06eb176d-eba3-4a16-a318-2259fd3aceef,atlanta.direct,premium,42.9,42.9,high,low,7,namecheap,,,20/09/2026 21:31
fb8c0b64-663f-4406-9126-236886d90d75,turkic.direct,available,14.98,53.98,medium,low,6,namecheap,,,11/09/2026 21:14
0e840b2f-bdb0-4e1c-85c9-32940192188f,reacted.direct,available,17.99,41.99,medium,low,7,namesilo,,,20/09/2026 00:48
aa4e7db5-8f26-485f-b490-091059bdf760,spy.direct,premium,242,242,high,low,3,namesilo,,,25/09/2026 10:42
e36d8dd6-1ee6-4ce5-b881-9e9f1d1bca55,substitute.direct,available,14.98,53.98,high,low,10,namecheap,,,22/09/2026 02:40
21582205-6322-4230-a409-da9ea6159a3b,aureate.direct,available,17.99,41.99,medium,low,7,namesilo,,,22/09/2026 12:51
46350af3-8cc7-4451-86ad-a569c876ebd9,regional.direct,available,32.2,32.2,high,low,8,cloudflare,,,27/09/2026 11:26
d80971cc-8d4c-4d16-b3c3-6c32e8c91615,dipped.direct,available,14.98,53.98,high,low,6,namecheap,,,14/08/2026 08:30
f33bdcf0-b0f8-4901-9cce-7655912a4d1a,concluding.direct,available,17.99,41.99,high,low,10,namesilo,,,19/09/2026 15:36
24bfef26-e898-4d09-87c6-27eed94a63e3,round.direct,available,14.98,53.98,high,low,5,namecheap,,,09/08/2026 05:09
a5c1e9ee-9deb-4dd5-a4de-27f7643a9c35,deep.direct,resell,,,high,medium,4,"Sav.com, LLC",04/05/2024 00:28,04/05/2027 00:28,26/09/2026 05:28
eec58aec-3979-4b83-ac09-88cc32eef5a9,trier.direct,available,17.99,41.99,medium,low,5,namesilo,,,21/09/2026 01:21
97dc26a3-9b73-4b9b-9746-2e020deb3c62,reports.direct,available,17.99,41.99,high,low,7,namesilo,,,18/09/2026 16:26
24cf1348-a82b-4051-a3f3-b1134a4d16b2,armed.direct,available,14.98,53.98,high,low,5,namecheap,,,22/09/2026 07:55
66f93b24-5d4f-47ff-b2c0-62250fdd1ab1,puke.direct,available,14.98,53.98,medium,low,4,namecheap,,,11/08/2026 09:18
8de09abf-5a35-4eb0-a53c-13ec3e79e068,tide.direct,available,19.99,,high,low,4,name.com,,,
5e087f0f-cfa5-4728-ae39-1c91e777b32f,caleb.direct,available,14.98,53.98,high,low,5,namecheap,,,27/09/2026 11:16
9223a7cc-876d-4569-bd28-297e7aab283d,poise.direct,available,14.98,53.98,high,low,5,namecheap,,,19/09/2026 17:50
400e1f69-cc79-4bf4-937f-60b777d8daf3,sprawl.direct,available,14.98,53.98,medium,low,6,namecheap,,,10/09/2026 16:41
3c7e668c-c640-4246-a54e-dc05048a1610,inviolate.direct,available,14.98,53.98,medium,low,9,namecheap,,,22/08/2026 09:06
86901113-f329-47bf-852c-4c106a9c865e,declarer.direct,available,14.98,53.98,high,low,8,namecheap,,,17/09/2026 14:33
f84f5b51-9b07-4f5c-93a4-4ca750264e41,mitigated.direct,available,14.98,53.98,medium,low,9,namecheap,,,25/08/2026 02:06
db591cf7-4dfe-412c-bb82-e83ebfe25151,gatherer.direct,available,17.99,41.99,high,low,8,namesilo,,,16/09/2026 23:20
30f4a618-f9cb-4e4d-97a8-f24bfb95e586,endlessly.direct,available,14.98,53.98,high,low,9,namecheap,,,14/09/2026 06:09
998bad18-ae32-44a2-8ab6-4c50b537dcc9,seven.direct,available,,,high,medium,5,,,,
ed87ad48-aa21-4b08-804f-dbe1cee4708f,clack.direct,available,17.99,41.99,medium,low,5,namesilo,,,23/09/2026 23:30
5bd17017-c37e-4916-9a63-334b2346b785,empathic.direct,available,14.98,53.98,high,low,8,namecheap,,,16/08/2026 16:41
c78d5ece-b393-4a8d-81c9-2d24b47440e0,deepening.direct,available,14.98,53.98,medium,low,9,namecheap,,,13/08/2026 23:00
bd1ceed3-c62b-4b8f-927a-e0f63fff6cb8,hysteria.direct,available,14.98,53.98,high,low,8,namecheap,,,24/09/2026 21:43
0e3d82ca-86ab-4052-8ffa-7126fdca362a,spick.direct,available,14.98,53.98,medium,low,5,namecheap,,,21/08/2026 20:46
15758bc5-71dc-4e76-97dc-fd5c89588c58,elegantly.direct,available,14.98,53.98,high,low,9,namecheap,,,14/09/2026 15:17
e3d76688-b15d-4e25-ac57-204147b83a4c,linearly.direct,available,14.98,53.98,medium,low,8,namecheap,,,15/09/2026 12:25
9426aa24-80cf-4fea-83f8-0b887bb1bb15,balanitis.direct,available,14.98,53.98,medium,low,9,namecheap,,,21/09/2026 21:01
f5f766fc-3eb5-419f-9ffb-264a1c7a06de,baroque.direct,available,14.98,53.98,high,low,7,namecheap,,,08/08/2026 20:26
4632cd4e-3e10-4191-9b9f-7253f1d507c1,gaps.direct,available,17.99,41.99,medium,low,4,namesilo,,,20/09/2026 11:47
5accee55-52c5-495e-a7b2-3f78af095835,fad.direct,available,14.98,53.98,high,low,3,namecheap,,,24/09/2026 19:13
6ec5eec8-8b9e-47ec-baf8-ab13948c50f9,acromegaly.direct,available,17.99,41.99,medium,low,10,namesilo,,,17/09/2026 03:48
d851d954-21e7-4d2e-a24d-c16ed379e47e,coplanar.direct,available,14.98,53.98,medium,low,8,namecheap,,,13/08/2026 00:32
a413defd-a868-4e68-b9ae-d47ab6e5a17f,aspis.direct,available,17.99,41.99,medium,low,5,namesilo,,,20/09/2026 15:24
91082691-c2f6-4aa8-8c1b-3f79a154a484,unweaned.direct,available,14.98,53.98,low,low,8,namecheap,,,12/09/2026 22:29
dd3607bd-1503-417c-ab1e-6e62278e7dfd,blackguard.direct,available,17.99,41.99,medium,low,10,namesilo,,,24/09/2026 02:20
dc934269-ef11-4f22-b5c2-cac6eab3c928,postponed.direct,available,13.14,33.32,medium,low,9,spaceship,,,29/09/2026 08:56
b3161790-6c06-4cc9-ae35-b6f68511711e,dubstep.direct,available,19.99,,high,low,7,name.com,,,
83b2246a-9e61-459b-b43d-ee5d4c6a27e7,muddy.direct,available,14.98,53.98,high,low,5,namecheap,,,10/08/2026 17:08
838b5dad-de19-4052-aca4-a86cbd25b1ab,patched.direct,available,14.98,53.98,high,low,7,namecheap,,,08/09/2026 10:18
5c0f0f08-9cd3-4de0-8280-ca64a4ef74d7,insist.direct,available,19.99,,high,low,6,name.com,,,
a3058a50-3f6d-4b61-be0f-90dac9a38ca9,trailing.direct,available,13.14,33.32,medium,low,8,spaceship,,,29/09/2026 02:21
fcdde7cc-0d2d-4627-9faa-3955267e2aa1,scribe.direct,available,17.99,41.99,high,low,6,namesilo,,,21/09/2026 03:59
8f8ccbdc-d326-46f5-9bb0-a4a413244aa2,bearings.direct,available,14.98,53.98,medium,low,8,namecheap,,,20/09/2026 03:51
7b301066-dab6-48f7-86de-551cca8430eb,eulogy.direct,available,14.98,53.98,high,low,6,namecheap,,,05/09/2026 00:43
15cb26a0-a499-4efe-8278-1aca2a25842e,irrational.direct,available,14.98,53.98,high,low,10,namecheap,,,25/09/2026 11:23
8f1d3f8a-b859-4024-a396-d48e6ba7e7ec,westerly.direct,available,14.98,53.98,medium,low,8,namecheap,,,13/09/2026 10:53
7caac8be-ac35-4f22-9a57-d1f1d8f0b7b5,catalonia.direct,available,17.99,41.99,medium,low,9,namesilo,,,28/09/2026 09:16
9dc16144-8632-40d4-a022-285d3a777d0b,futures.direct,available,14.98,53.98,high,low,7,namecheap,,,29/09/2026 16:09
2241ec44-ad9a-48a0-a825-f07a54b894b8,binding.direct,available,14.98,53.98,high,low,7,namecheap,,,22/09/2026 20:51
e06b457f-ae8a-456b-8a84-2886f0579fee,abyss.direct,available,17.99,41.99,high,low,5,namesilo,,,16/09/2026 19:43
1bfb0675-ef63-4612-a652-59adc09e6fa7,enactment.direct,available,17.99,41.99,high,low,9,namesilo,,,17/09/2026 04:06
69cc909c-7b31-4fe9-b870-c7f57e80638a,wald.direct,available,13.14,33.32,high,low,4,spaceship,,,29/09/2026 21:04
2243f3d6-597c-426f-9c65-b67902ac7b4a,atole.direct,available,17.99,41.99,medium,low,5,namesilo,,,20/09/2026 21:52
edecf05e-a3be-4487-8736-d4ef829cef43,chew.direct,available,17,,high,low,4,unstoppable,,,29/09/2026 08:20
9c319198-1296-45ec-8b30-b18882e8bce5,infirm.direct,available,19.99,50.99,medium,low,6,name.com,,,13/08/2026 20:32
bf210fe5-685c-461a-892a-4051f4a7f53e,disappointing.direct,available,13.14,33.32,medium,low,13,spaceship,,,28/09/2026 07:09
bd5cc077-1cc0-4b2b-808e-06f66595931b,tonal.direct,available,14.98,53.98,high,low,5,namecheap,,,11/09/2026 16:59
1647ea72-2138-4c91-9fb1-ccf62bd56f27,representing.direct,available,10.92,34.35,high,low,12,dynadot,,,28/09/2026 11:27
d8219988-e523-476e-8b41-7701e7be79de,aggression.direct,available,17.99,41.99,medium,low,10,namesilo,,,17/09/2026 17:29
25c394b5-a60f-4647-a6f7-4c90d7230980,nag.direct,available,17.99,41.99,high,low,3,namesilo,,,24/09/2026 16:35
e2580a3a-6b82-4e8c-836f-1eb67e931865,tributary.direct,available,14.98,53.98,high,low,9,namecheap,,,12/08/2026 20:32
bbc967da-1d14-453c-81f5-188f0bceddd9,ripped.direct,available,13.14,33.32,high,low,6,spaceship,,,27/09/2026 17:41
225123ff-78d7-4b04-a659-06cafc7d3fe0,penis.direct,available,17.99,41.99,high,low,5,namesilo,,,25/09/2026 12:53
8c2e42e2-9e80-44d9-8c17-3bf742a61868,acropolis.direct,available,17.99,41.99,high,low,9,namesilo,,,17/09/2026 03:57
2aee945a-bfc0-49bd-889b-5b2128d81a94,binomial.direct,available,14.98,53.98,high,low,8,namecheap,,,10/08/2026 00:30
90473421-4749-4509-9f59-2cb37f641367,braless.direct,available,14.98,53.98,low,low,7,namecheap,,,08/08/2026 18:29
5d288c26-b417-4931-8e63-c48d7bcde122,ellen.direct,available,19.99,,high,low,5,name.com,,,
db8fbefe-93c4-40b9-ba25-ac8d5ccdde1b,gaba.direct,available,17,,high,low,4,unstoppable,,,29/09/2026 12:26
2edb30d0-ebd5-4a53-ad2c-f7ed81a57bd9,caramel.direct,available,14.98,53.98,high,low,7,namecheap,,,11/08/2026 18:28
be69d0d6-624a-4189-80f1-02bf037f721c,scorn.direct,available,14.98,53.98,medium,low,5,namecheap,,,24/09/2026 17:41
e89240ae-ecba-4bf0-a350-86092d4d71c3,rollover.direct,available,17.99,41.99,high,low,9,namesilo,,,16/09/2026 17:22
1e7c1b29-141d-442c-9bfc-1a82e01d3ccf,brooks.direct,available,17.99,41.99,high,low,6,namesilo,,,24/09/2026 10:47
8bddfd75-9041-42b6-8e18-4fe12ec7e715,ageratina.direct,available,17.99,41.99,medium,low,9,namesilo,,,17/09/2026 17:21
cf95292c-3d0f-4922-99ed-edbfcaef7ec1,meek.direct,available,14.98,53.98,high,low,4,namecheap,,,24/08/2026 19:16
3b1f49a5-cbab-4973-8aa9-a3234d550835,jammu.direct,available,13.14,33.32,high,low,5,spaceship,,,29/09/2026 15:33
67cdde42-7a03-4fd7-a859-c8a2ed1fd5a5,aeronaut.direct,available,17.99,41.99,high,low,8,namesilo,,,17/09/2026 13:09
a7b87608-316e-4ac8-ae3c-77df995e1869,lengthy.direct,available,14.98,53.98,medium,low,7,namecheap,,,14/08/2026 18:32
12a07e95-02da-4baf-bc6e-840fe5c56162,chewing.direct,available,14.98,53.98,high,low,7,namecheap,,,24/09/2026 14:24
cf034189-e8c6-447d-9a77-c22ccd2f23bd,virtuoso.direct,available,17.99,41.99,high,low,8,namesilo,,,21/09/2026 17:38
39199ee5-df4b-4fa6-9b68-7d32cc53958d,aspartame.direct,available,17.99,41.99,high,low,9,namesilo,,,20/09/2026 14:43
c64a4129-7c1c-49f8-9e23-9a9d381bb9de,proposed.direct,available,13.14,33.32,medium,low,8,spaceship,,,28/09/2026 04:49
f9ba8e23-94fe-4504-a4b4-9b85ff0247a5,volume.direct,available,19.99,,high,low,6,name.com,,,
0acada23-7de3-4619-8ff5-303cfc08774e,riemannian.direct,available,14.98,53.98,high,low,10,namecheap,,,09/09/2026 17:21
28ab71d1-9597-48da-a6ea-50a2a8467775,prodigally.direct,available,14.98,53.98,low,low,10,namecheap,,,15/09/2026 21:38
229ec353-2729-494f-9add-b6a09c00a83c,wolff.direct,available,17.99,41.99,high,low,5,namesilo,,,25/09/2026 23:22
6cab7d9b-54e3-42ff-a37b-eee4636e3c81,liao.direct,available,17,,medium,low,4,unstoppable,,,29/09/2026 01:35
69ba9b2d-4e60-4bea-8a82-4a324136112a,formosa.direct,available,17.99,41.99,high,low,7,namesilo,,,28/09/2026 05:46
7a71485d-72e4-43a5-9cfd-e5552fb4fd5d,westminster.direct,available,19.99,,high,low,11,name.com,,,
00630c8e-0c7c-4c29-a9d8-a97d484c459e,mainland.direct,available,13.14,33.32,medium,low,8,spaceship,,,28/09/2026 14:49
d59054fe-dcd8-43a7-8a1c-26dd8e335a15,panoptic.direct,available,14.98,53.98,medium,low,8,namecheap,,,
a10983d4-c6ed-4d93-975f-7a7f6bb1981e,tinkly.direct,available,14.98,53.98,medium,low,6,namecheap,,,11/09/2026 16:15
584523a2-6c7b-4942-a1e8-23d484bec0fc,aziz.direct,available,13.14,33.32,high,low,4,spaceship,,,28/09/2026 07:37
745eae0d-6e05-4488-a5fc-1749e4cfbdbb,hokey.direct,available,14.98,53.98,medium,low,5,namecheap,,,09/08/2026 00:37
b8ef42b9-f5e4-419c-96bd-a338675cdb32,ibsen.direct,available,13.14,33.32,high,low,5,spaceship,,,29/09/2026 13:02
9b780b88-2e20-47f1-9cce-7253e4f9a6e7,clonal.direct,available,14.98,53.98,medium,low,6,namecheap,,,12/08/2026 12:01
8d69eb90-9313-4914-841e-d5ad4e373db4,neoliberal.direct,available,14.98,53.98,high,low,10,namecheap,,,03/09/2026 15:23
ed5eaa6d-05be-44eb-a9ec-5a8dd97a9627,imperious.direct,available,14.98,53.98,medium,low,9,namecheap,,,21/08/2026 01:26
ca6ee48f-a6e3-414e-b47e-7d3289dff165,belike.direct,available,14.98,53.98,medium,low,7,namecheap,,,04/09/2026 04:45
a22419cf-95b3-4430-b15e-faefdcd51b9f,speaks.direct,available,17.99,41.99,medium,low,6,namesilo,,,16/09/2026 07:20
d8a72bb8-ac76-4fc6-a101-3117c78b4ec6,difficulties.direct,available,14.98,53.98,high,low,12,namecheap,,,17/09/2026 21:37
b6b2f427-bb1c-4a88-976a-b1ff865431c3,unfailing.direct,available,14.98,53.98,high,low,9,namecheap,,,18/08/2026 10:39
adea1831-02e2-4b16-8fad-624af63d4941,acquaintance.direct,available,10.92,34.35,high,low,12,dynadot,,,28/09/2026 08:20
e45bcced-3e89-406a-941c-18190a67d3ad,unfocused.direct,available,14.98,53.98,medium,low,9,namecheap,,,12/09/2026 10:32
185c04c3-15ec-4987-b0e7-1527e3e51251,muscovite.direct,available,14.98,53.98,medium,low,9,namecheap,,,03/09/2026 11:26
b7866d95-9502-494a-9c18-6a0c06fb051a,artichoke.direct,available,17.99,41.99,high,low,9,namesilo,,,20/09/2026 11:12
aa895f2b-a16f-4058-bfe8-b57e56b821e3,maggie.direct,available,17.99,41.99,high,low,6,namesilo,,,25/09/2026 11:56
f41c03d0-d3a0-464a-882d-e0e1d0846b4b,grizzled.direct,available,14.98,53.98,medium,low,8,namecheap,,,20/08/2026 20:11
2ac74c05-6d6a-49b7-9678-a1ab4bd0851e,tycoon.direct,available,17.99,41.99,high,low,6,namesilo,,,23/09/2026 14:18
ea5a5080-5a02-4353-b65e-21d5feeb73ae,excused.direct,available,14.98,53.98,medium,low,7,namecheap,,,17/08/2026 16:44
869f715b-3080-47f0-92b8-e328d90b5060,unitedly.direct,available,17.99,41.99,medium,low,8,namesilo,,,16/09/2026 10:08
c335f7df-ff2b-45cc-997d-cc3c15a9041c,tahoe.direct,available,19.99,,high,low,5,name.com,,,
c65ee0f5-f163-43a9-bf5d-bb8289594bbe,mcnamara.direct,available,17.99,41.99,high,low,8,namesilo,,,27/09/2026 08:09
ada72bbc-06a2-4149-9cc0-e327ad61a02c,lid.direct,available,17.99,41.99,high,low,3,namesilo,,,24/09/2026 13:43
e3a1887d-00af-41bd-9dd0-3786bc16c45f,unclogged.direct,available,14.98,53.98,medium,low,9,namecheap,,,12/09/2026 05:28
9384c248-a8c4-496d-aa9f-c1ee5accc25d,fetid.direct,available,14.98,53.98,medium,low,5,namecheap,,,18/08/2026 02:24
a60754e4-e713-4e39-ad94-083575b2225e,britton.direct,available,13.14,33.32,medium,low,7,spaceship,,,28/09/2026 12:10
55e13fb0-9980-46cb-8465-1ff2567f3ff0,reactor.direct,available,13.14,33.32,high,low,7,spaceship,,,28/09/2026 10:36
cea9899e-5bf2-4625-bed0-bcb403ed4eb6,rate.direct,available,19.99,50.99,high,low,4,name.com,,,24/09/2026 13:46
7d84cc9f-d3f5-4d53-a67e-862f111d68ab,wentworth.direct,available,17.99,41.99,high,low,9,namesilo,,,25/09/2026 21:47
3a6b06ab-a993-40ff-aa1b-2723be1b4071,entrant.direct,available,14.98,53.98,high,low,7,namecheap,,,18/08/2026 07:36
2b59ef11-719a-4d21-895f-7a7a8df01f00,rhymed.direct,available,14.98,53.98,high,low,6,namecheap,,,09/09/2026 16:51
a8dd680b-dee0-4f84-91b1-1ee7ad6d6404,ableism.direct,available,17.99,41.99,medium,low,7,namesilo,,,16/09/2026 16:10
756694ce-99a9-48e2-bf59-ca8f8d1b3288,susurrous.direct,available,14.98,53.98,medium,low,9,namecheap,,,03/09/2026 11:24
7c45c94e-84cd-4003-a239-28f2e0b43579,audiotape.direct,available,17.99,41.99,high,low,9,namesilo,,,21/09/2026 03:01
36d3827c-f423-4fe0-b21f-5c6139172b45,macau.direct,available,13.14,33.32,high,low,5,spaceship,,,29/09/2026 01:37
1905d728-8e28-4e99-b617-a9aa7673a1f5,peck.direct,available,14.98,53.98,high,low,4,namecheap,,,25/08/2026 00:37
8a720dc9-8895-4f7f-93d6-eee1c3245b63,richardson.direct,available,17.99,41.99,high,low,10,namesilo,,,28/09/2026 14:25
b3fa5cbe-9b10-4070-b7df-5effc7822d00,ajaia.direct,available,17.99,41.99,medium,low,5,namesilo,,,17/09/2026 23:39
e2ca000a-7310-4c8d-820b-371028ad78ed,churning.direct,available,14.98,53.98,high,low,8,namecheap,,,12/08/2026 07:51
c3236a5a-f047-4bf4-b521-78f4648a7b0d,renewed.direct,available,14.98,53.98,high,low,7,namecheap,,,09/09/2026 14:04
71e44b04-46e1-4686-9d35-fab732e3fb1f,mindless.direct,available,14.98,53.98,medium,low,8,namecheap,,,07/08/2026 02:48
09dde787-cb5c-43fd-97c4-33c8dcda93ef,wrecking.direct,available,10.81,33.47,medium,low,8,porkbun,,,29/09/2026 19:31
23d385e4-2f07-4436-b1eb-f491ea6ce17b,agromania.direct,available,14.98,53.98,medium,low,9,namecheap,,,17/09/2026 19:38
e2aa6ae2-d802-4462-a3c3-a54f94f8da79,abstract.direct,available,17.99,41.99,high,low,8,namesilo,,,21/09/2026 15:10
3aa00b5c-fccb-4f50-bb3b-ad4c79dac9cb,trauma.direct,available,17.99,41.99,high,low,6,namesilo,,,25/09/2026 07:04
405f338a-73fc-417f-8931-2949d454ddb5,unpressed.direct,available,14.98,53.98,low,low,9,namecheap,,,12/09/2026 17:24
d7ef8a1e-7658-45cb-9250-8417fc6259f6,unashamed.direct,available,14.98,53.98,high,low,9,namecheap,,,12/09/2026 01:08
c16f39e9-3dd5-443c-9f3d-2d865ae02588,clathrate.direct,available,14.98,53.98,medium,low,9,namecheap,,,11/08/2026 16:23
dc1f1d3e-4faa-4a1f-87cb-74146f800194,cage.direct,available,17.99,41.99,high,low,4,namesilo,,,22/09/2026 14:36
4d223a60-e404-423c-bb65-d0aed595a733,necessarily.direct,available,19.99,,high,low,11,name.com,,,
53137b1b-7a2c-45f6-9d19-aa769c86d690,katharsis.direct,available,17.99,41.99,medium,low,9,namesilo,,,16/09/2026 17:05
a9669562-2df2-4a34-9049-12e9731d7c5f,flattened.direct,available,14.98,53.98,medium,low,9,namecheap,,,18/08/2026 06:55
41bbafaf-9a9c-4769-8e13-9488cb0a2d9d,nonuniform.direct,available,14.98,53.98,medium,low,10,namecheap,,,22/08/2026 05:15
f8c2dd22-36ea-4c27-8afb-cda5ecdebedb,dishwasher.direct,available,17,,high,low,10,unstoppable,,,29/09/2026 15:53
e4bc687f-50f4-4e88-b60c-515a944d99b7,sweetie.direct,available,14.98,53.98,high,low,7,namecheap,,,10/09/2026 19:34
287b1c9b-60c5-4aaa-843e-ac1a0a521569,enthusiasm.direct,available,17.99,41.99,high,low,10,namesilo,,,29/09/2026 17:36
7b7c945d-8f14-4c33-bd27-8ee1725569f3,hacking.direct,available,13.14,33.32,medium,low,7,spaceship,,,28/09/2026 12:39
10ddfd5e-c00d-4a2a-b7da-bdaaf56e8181,bacchante.direct,available,14.98,53.98,medium,low,9,namecheap,,,21/09/2026 13:59
01436b4f-39f8-4b15-81ba-6ef0183cf476,arrival.direct,available,17.99,41.99,high,low,7,namesilo,,,20/09/2026 09:13
6c8f54cb-da5f-4a4c-a529-646ac2180c38,oversized.direct,available,14.98,53.98,high,low,9,namecheap,,,04/09/2026 19:45
2600a230-7581-4033-98a6-7cd7d7a5183b,pint.direct,available,17,,medium,low,4,unstoppable,,,29/09/2026 12:06
45a3f7c4-4279-47f4-b493-8c7cac70ce78,stand.direct,available,17,,high,low,5,unstoppable,,,29/09/2026 00:58
3005ddf3-24fa-41b8-af8c-c8030cdb7d94,hardened.direct,available,14.98,53.98,high,low,8,namecheap,,,11/08/2026 20:01
5e30dd4e-c752-4457-b403-3c8a804bc83f,bothering.direct,available,13.14,33.32,medium,low,9,spaceship,,,29/09/2026 21:27
35ff44fd-ad34-4f53-bc28-de41232682bf,frizzly.direct,available,14.98,53.98,medium,low,7,namecheap,,,18/08/2026 16:06
87735c13-345c-47bb-acc9-6f3647a8fe58,lips.direct,available,19.99,,high,low,4,name.com,,,
9a4492bb-e4bd-4c70-b231-51a2b9b6fd1c,handsomely.direct,available,14.98,53.98,high,low,10,namecheap,,,14/09/2026 22:57
2ca292ce-1162-4bb3-95d8-7a59bf943f30,peregrine.direct,available,17.99,41.99,medium,low,9,namesilo,,,25/09/2026 12:54
27833f0f-020d-4aa5-b9b6-7b6659cc32c8,famine.direct,available,17.99,41.99,medium,low,6,namesilo,,,29/09/2026 12:01
d6a65f3f-388f-4629-9d7f-b960012d60fa,appointive.direct,available,14.98,53.98,medium,low,10,namecheap,,,06/08/2026 07:16
db20d16f-58d4-46e7-a6ca-d175aa415f69,prehistoric.direct,available,13.14,33.32,medium,low,11,spaceship,,,29/09/2026 03:08
dfab6c74-2699-4764-ab72-b87a9be0944c,rush.direct,available,17.99,41.99,high,low,4,namesilo,,,24/09/2026 18:44
df992162-1a91-4103-a969-d6c634a3bbab,accord.direct,available,17.99,41.99,high,low,6,namesilo,,,16/09/2026 22:54
db047a44-ba95-4ee9-be89-51daeb402747,sabrina.direct,available,17.99,41.99,medium,low,7,namesilo,,,29/09/2026 04:05
b55e0667-28dc-45f1-8174-d992cd9caabc,rewarding.direct,available,17.99,41.99,high,low,9,namesilo,,,27/09/2026 14:47
260527cc-0aab-4acb-8646-73446e3f4914,carthage.direct,available,14.98,53.98,medium,low,8,namecheap,,,25/09/2026 04:02
0ba986d9-d623-4da3-aeee-07e4cdaebcdb,doubly.direct,available,14.98,53.98,medium,low,6,namecheap,,,14/09/2026 13:48
85dffe58-1557-4583-9382-d39f84f3fc72,lori.direct,available,32.2,32.2,medium,low,4,cloudflare,,,28/09/2026 12:05
0045a6bf-c26a-4fe5-94a2-d25bc6efb739,kilogramme.direct,available,19.99,,medium,low,10,name.com,,,
4756abd5-3bb5-4e7c-9bd6-8328d3f874bb,bearskin.direct,available,19.99,50.99,high,low,8,name.com,,,22/09/2026 21:25
7020e83c-78f2-4d1e-b240-29bea0a57fef,moreover.direct,available,14.98,53.98,high,low,8,namecheap,,,14/09/2026 20:44
a702253f-694c-4fa6-a4bc-5464ae6bc625,llewellyn.direct,available,17.99,41.99,medium,low,9,namesilo,,,29/09/2026 09:48
1e490d93-daef-4416-a586-65ffdb29b173,forsooth.direct,available,14.98,53.98,low,low,8,namecheap,,,14/09/2026 19:55
01509da7-1b64-4d85-bc50-5a21363b9c6f,burnett.direct,available,17.99,41.99,high,low,7,namesilo,,,25/09/2026 03:44
fa58db0f-ff84-41ca-9eed-52c4d5941bf7,superb.direct,available,17.99,41.99,high,low,6,namesilo,,,23/09/2026 09:28
2d9a9c3e-942c-4f16-b269-e1a39763abf6,blacklist.direct,available,17.99,41.99,high,low,9,namesilo,,,24/09/2026 00:17
0ed5f025-7bba-4bc9-859e-e88378eecad6,charily.direct,available,14.98,53.98,medium,low,7,namecheap,,,14/09/2026 06:17
9f4cdf24-2ea7-42a6-9a1e-25ba0d06b01d,claws.direct,available,13.14,33.32,medium,low,5,spaceship,,,28/09/2026 17:19
379788ce-5801-40c6-99f6-ede1801d9631,accompanying.direct,available,17,41.99,medium,low,12,unstoppable,,,29/09/2026 06:23
872f6966-a4b4-487c-8d89-eeb6b5cf7b20,innocence.direct,available,17,,high,low,9,unstoppable,,,28/09/2026 22:20
b52ee2ce-1437-4fed-9ecb-86ebfc3d7d84,pudendal.direct,available,14.98,53.98,medium,low,8,namecheap,,,09/09/2026 05:28
5bdeae8d-311d-481c-85a2-4a28e5ae55bd,gut.direct,available,17.99,41.99,high,low,3,namesilo,,,28/09/2026 01:05
5ab6692f-55c3-444c-9ce0-b5bdaa5d9ba8,munich.direct,available,19.99,,high,low,6,name.com,,,
d2d3e9e2-0408-468d-b8d8-68c5ee5c2d32,harness.direct,available,13.14,33.32,high,low,7,spaceship,,,29/09/2026 01:16
f57a4a1d-ee95-4a31-9ae7-50ba4300575e,hatred.direct,available,17.99,41.99,medium,low,6,namesilo,,,29/09/2026 22:18
bcacdde6-e503-4475-a870-1a449a0442ba,digby.direct,available,13.14,33.32,high,low,5,spaceship,,,29/09/2026 15:01
7b60ecc2-9083-45bb-a6d4-420b7a6db152,novi.direct,available,17,,high,low,4,unstoppable,,,28/09/2026 21:12
e55b1259-0f01-4654-8bee-68488ad39577,asp.direct,available,17.99,41.99,high,low,3,namesilo,,,20/09/2026 14:30
963e17df-61e0-461e-ae58-56cfe0e428db,aflame.direct,available,14.98,53.98,high,low,6,namecheap,,,
be346b59-b8e9-46fd-a17f-e6cd6b209134,barrier.direct,available,13.14,33.32,medium,low,7,spaceship,,,29/09/2026 01:15
8bc0333d-9e27-48c1-8d18-2ecfff0dd704,servo.direct,available,14.98,53.98,high,low,5,namecheap,,,10/09/2026 04:57
6fda0bbb-3d65-4678-91f7-2c07f095af55,inca.direct,available,14.98,53.98,high,low,4,namecheap,,,22/08/2026 00:46
9538ca14-8bdf-4610-9065-f7650b65225f,racehorse.direct,available,14.98,53.98,high,low,9,namecheap,,,22/09/2026 01:58
36cbea2b-2ec4-425b-86c3-483b7dde20c4,fleer.direct,available,14.98,53.98,low,low,5,namecheap,,,18/08/2026 17:47
ee2ce141-7846-4baa-9e30-38e2bb9debd3,legislative.direct,available,19.99,,high,low,11,name.com,,,
afa465b8-9082-4fd2-8cf2-fa8cf319f506,enjoy.direct,available,,,high,medium,5,,,,
05093b67-b024-4e1e-a245-6144599952a0,halcyon.direct,available,14.98,53.98,high,low,7,namecheap,,,20/08/2026 22:20
48ad3106-74fe-48de-937b-859907b4e53a,respectively.direct,available,19.99,,medium,low,12,name.com,,,
7499e1f2-cf5c-43f0-8880-293864555e97,destinies.direct,available,17.99,41.99,high,low,9,namesilo,,,20/09/2026 07:12
1c287164-3342-487f-acf6-a8703d77a6e1,absolutist.direct,available,14.98,53.98,high,low,10,namecheap,,,
dcc6bd83-8de2-4c18-8725-9de77eb7f652,egyptian.direct,available,14.98,53.98,high,low,8,namecheap,,,15/08/2026 19:52
1296c77d-5d5b-446b-9e26-7b59d4013c44,readably.direct,available,14.98,53.98,medium,low,8,namecheap,,,14/09/2026 11:08
a8b2f1d8-2819-44e0-9517-296365a24f75,written.direct,available,13.14,33.32,high,low,7,spaceship,,,27/09/2026 18:44
d052f4e7-a9ce-40a1-b747-2e28264a80a6,undeserved.direct,available,14.98,53.98,medium,low,10,namecheap,,,12/09/2026 07:43
5e2c48a9-3f8e-49c7-8c2f-f978a5be6695,boone.direct,available,17.99,41.99,high,low,5,namesilo,,,25/09/2026 01:56
5bfe958c-58ce-456c-8796-5a3a9e28f304,wobbly.direct,available,17.99,41.99,high,low,6,namesilo,,,27/09/2026 14:59
110a9cc7-0ba2-47fd-bd65-680d96eeca1e,conflicts.direct,available,14.98,53.98,medium,low,9,namecheap,,,19/09/2026 21:22
9f5c6cb5-8e3a-4f50-84be-de742170f0d1,assurance.direct,resell,,,high,low,9,"NameCheap, Inc.",24/09/2014 14:19,24/09/2027 14:19,26/09/2026 04:05
f476fdcb-3dbf-4ba9-8c74-f511871e3301,other.direct,available,17.99,41.99,high,low,5,namesilo,,,26/09/2026 00:34
a34d34ad-b451-4cc6-aec6-fe28f8993d90,rudiments.direct,available,17.99,41.99,medium,low,9,namesilo,,,22/09/2026 10:41
d2c3c534-d829-44e6-84a3-65976ac26af9,heavenward.direct,available,14.98,53.98,medium,low,10,namecheap,,,21/08/2026 02:31
95bad85f-cf95-4a5f-9ca6-8ac465fcb8d5,santos.direct,available,13.14,33.32,high,low,6,spaceship,,,28/09/2026 15:17
3340222e-49cf-4b40-9dda-48305ad615c6,behavioral.direct,available,14.98,53.98,high,low,10,namecheap,,,09/08/2026 10:16
d83145fc-7f5b-422e-9eef-9089b5633f69,berm.direct,available,17.99,41.99,medium,low,4,namesilo,,,23/09/2026 09:41
d66061cb-b443-48ad-9271-aa1a7729f0c9,expectation.direct,available,32.2,32.2,high,low,11,cloudflare,,,29/09/2026 10:12
c7546138-f449-4284-8a6a-6692f89d1676,woman.direct,available,13.14,33.32,high,low,5,spaceship,,,28/09/2026 18:54
51c0dd18-fa7e-4fc0-9ac1-e964194fedf0,spears.direct,available,17.99,41.99,medium,low,6,namesilo,,,29/09/2026 05:36
d3c489d8-2335-4e78-a565-459e8c134307,soused.direct,available,14.98,53.98,low,low,6,namecheap,,,09/08/2026 16:07
a738351e-9dad-4311-8290-76ee8f58c52e,iatrogenic.direct,available,14.98,53.98,medium,low,10,namecheap,,,21/08/2026 17:30
7fea1d92-6a70-41a8-adfa-60a53f7855d5,sensitivity.direct,available,32.2,32.2,high,low,11,cloudflare,,,28/09/2026 12:30
6390fcdd-0aaa-4cdd-aabe-a1d4d17f0fce,emotion.direct,available,32.2,32.2,high,low,7,cloudflare,,,29/09/2026 18:04
a811bb44-96be-4a97-a358-bca19a924307,blurred.direct,available,17.99,41.99,high,low,7,namesilo,,,22/09/2026 23:21
85428d6a-7064-432d-83bb-edff6bb2b1ee,defunct.direct,available,14.98,53.98,medium,low,7,namecheap,,,13/08/2026 23:55
9a0bf9b1-7b3c-4c6c-8484-88300c81fb62,begging.direct,available,17.99,41.99,medium,low,7,namesilo,,,23/09/2026 02:16
4bf5db65-64c8-49b6-baa9-350d378fda8b,goony.direct,available,17.99,41.99,medium,low,5,namesilo,,,23/09/2026 23:48
d34ca9ae-e51e-45ae-8a57-8391f7250b8d,armagnac.direct,available,17.99,41.99,medium,low,8,namesilo,,,20/09/2026 06:29
da07f1e2-dd91-4ed7-bec1-5fa91a105875,endoergic.direct,available,14.98,53.98,medium,low,9,namecheap,,,17/08/2026 01:08
d5ae956a-ec99-4d62-9ef8-48469577197e,beret.direct,available,17.99,41.99,high,low,5,namesilo,,,23/09/2026 09:15
a67e4980-ce4b-42d5-be4a-3339630e2aff,complaining.direct,available,13.14,33.32,high,low,11,spaceship,,,27/09/2026 17:47
e14fac70-0e07-4fd6-856e-264274092088,headless.direct,available,14.98,53.98,medium,low,8,namecheap,,,11/08/2026 01:43
79d946cf-b5a9-439e-a9e6-264437cbaa6f,dixon.direct,available,14.98,53.98,medium,low,5,namecheap,,,25/09/2026 17:44
d1c07fc2-016b-4524-936b-2807a85b2678,miners.direct,available,10.92,34.35,medium,low,6,dynadot,,,28/09/2026 18:17
19d7c656-1867-4cc9-b4f5-1dd8d6ce031b,amplifying.direct,available,17.99,41.99,medium,low,10,namesilo,,,17/09/2026 20:45
992283f9-c56f-4f86-a45d-c7934e06d6aa,kashmiri.direct,available,14.98,53.98,medium,low,8,namecheap,,,22/08/2026 15:07
467d7c4d-5056-49b5-ad35-79ae5466cbea,oldham.direct,available,17.99,41.99,high,low,6,namesilo,,,28/09/2026 05:16
103c3f44-a944-4abf-aa1b-60ca5acb05a0,needful.direct,available,14.98,53.98,high,low,7,namecheap,,,03/09/2026 14:51
62b4caf0-8ef6-41a9-8e1b-4e8185c793a9,dismissed.direct,available,14.98,53.98,medium,low,9,namecheap,,,24/09/2026 11:01
fd6335a5-32d5-46a4-b8e2-e4ee657c1a6b,reminded.direct,available,17.99,41.99,medium,low,8,namesilo,,,18/09/2026 03:00
d40cde8c-9675-4f07-bcb9-8eacee302a78,unforeseen.direct,available,14.98,53.98,high,low,10,namecheap,,,04/09/2026 18:50
67eeaa2d-06a7-4e1e-8071-7135fb25c644,extraordinary.direct,available,19.99,,high,low,13,name.com,,,
2ac4f0f2-817a-44b7-921e-d975aa27385f,unharmed.direct,available,14.98,53.98,high,low,8,namecheap,,,12/09/2026 12:00
79b75ae8-1a08-414f-9f50-e2db46fd54d8,audiogram.direct,available,17.99,41.99,medium,low,9,namesilo,,,21/09/2026 02:55
3b7745c6-e63f-4314-a06b-e0edee738267,thesis.direct,available,14.98,53.98,high,low,6,namecheap,,,24/09/2026 23:05
937b3e67-6071-4703-89c2-3540d3c7a719,gabe.direct,available,17,,high,low,4,unstoppable,,,29/09/2026 09:24
6f6076ff-5b7e-4205-aa2f-190e5c9aa11d,exhibit.direct,available,14.98,53.98,high,low,7,namecheap,,,27/09/2026 05:10
9da9f0c5-6e9b-4a67-975e-9debb10ff727,confiscated.direct,available,17.99,41.99,low,low,11,namesilo,,,29/09/2026 11:03
e0c66630-2152-46b6-96f4-a28e5862b4c2,theban.direct,available,14.98,53.98,high,low,6,namecheap,,,11/09/2026 12:35
7fd2d785-488c-4dc8-b45d-9d33f92ac274,traumatic.direct,available,14.98,53.98,high,low,9,namecheap,,,11/09/2026 19:03
eaa1afc4-0144-4028-bc03-4ae4a27c2a92,allusion.direct,available,17.99,41.99,high,low,8,namesilo,,,18/09/2026 12:15
5858ce6d-09f3-4cdb-8b23-6ce2cdc9b21d,prismatic.direct,available,14.98,53.98,high,low,9,namecheap,,,09/09/2026 02:09
f1d16869-3675-4175-8d74-161e86e75199,immodest.direct,available,14.98,53.98,medium,low,8,namecheap,,,21/08/2026 21:09
8e7710ff-a2ff-45f0-8285-297cd4c0d5dd,keenan.direct,available,17.99,41.99,high,low,6,namesilo,,,28/09/2026 22:23
8a556d5e-f17c-46f9-9d2e-50f991d302b9,umbilicus.direct,available,17.99,41.99,high,low,9,namesilo,,,23/09/2026 06:37
510d5e9d-1f0e-4fef-b351-76c7545f6671,hanging.direct,available,17.99,41.99,high,low,7,namesilo,,,25/09/2026 04:41
f6f0a850-4697-4868-b5d3-085186b0b954,alopecia.direct,available,17.99,41.99,medium,low,8,namesilo,,,18/09/2026 13:18
010412c0-c9df-4887-892a-e71b7691d550,alta.direct,available,17.99,41.99,high,low,4,namesilo,,,25/09/2026 13:59
db2478e1-16da-405a-8c29-150df605ead2,sectorial.direct,available,14.98,53.98,medium,low,9,namecheap,,,10/09/2026 01:22
07513233-1a65-4216-a8e6-08cf0453fff7,upturned.direct,available,14.98,53.98,medium,low,8,namecheap,,,04/09/2026 21:58
4d3ad147-a2c3-4f9c-b3d6-01f8f70bf9d7,clout.direct,available,14.98,53.98,high,low,5,namecheap,,,23/09/2026 13:48
b24cb23f-2ab7-4aa7-b93a-50472ad73fee,frustrating.direct,available,17.99,41.99,medium,low,11,namesilo,,,29/09/2026 14:46
90c4e588-691f-4ef0-8d44-337e566a8d9b,ignescent.direct,available,14.98,53.98,medium,low,9,namecheap,,,21/08/2026 18:22
c1c670ed-a1df-45b7-8821-ad13c26590d5,produced.direct,available,14.98,53.98,medium,low,8,namecheap,,,19/09/2026 16:32
d37273b7-4fba-47b9-9fc0-1de291b1cb3e,marley.direct,available,17.99,41.99,medium,low,6,namesilo,,,29/09/2026 00:11
a5b47f43-f085-41f8-9c01-69895ccbf0f6,beryllium.direct,available,17.99,41.99,medium,low,9,namesilo,,,20/09/2026 23:00
16b43ce3-dca7-40d9-8024-fb08292afd9e,russet.direct,available,14.98,53.98,high,low,6,namecheap,,,09/09/2026 20:06
0df040a5-b304-4d84-985c-5ad57b8e5056,opportune.direct,available,14.98,53.98,medium,low,9,namecheap,,,04/09/2026 16:43
0ff8436d-b38b-4d5a-9d1b-9e52f60bf4e4,decreasing.direct,available,14.98,53.98,medium,low,10,namecheap,,,13/08/2026 22:12
5c30d4da-1f0e-49bd-b557-0a5cb6808408,hassan.direct,available,17.99,41.99,high,low,6,namesilo,,,27/09/2026 07:26
616d8698-247a-44ec-b14e-f01479eeaddd,dotcom.direct,available,14.98,53.98,high,low,7,namecheap,,,14/08/2026 16:26
1fb98f73-b2b6-4ef9-bed4-a4362483294f,iain.direct,available,17.99,41.99,high,low,4,namesilo,,,29/09/2026 15:22
e1e2b493-c72f-4ec1-ac42-1228ee5bd1ce,lunches.direct,available,17.99,41.99,medium,low,7,namesilo,,,20/09/2026 07:45
24cf83a0-f155-4762-9d5e-961793dfd9f4,dependable.direct,available,14.98,53.98,high,low,10,namecheap,,,14/08/2026 02:04
675764ec-8767-4312-9703-9ee6fd36436b,ugh.direct,available,19.99,,medium,low,3,name.com,,,
220e48dc-7656-4d13-9bc8-466fe25e1d57,partnership.direct,available,17.99,41.99,high,low,11,namesilo,,,28/09/2026 04:23
b0a3b749-5687-41a4-a2d7-5705cc52b928,vigilant.direct,available,14.98,53.98,high,low,8,namecheap,,,04/09/2026 16:01
c874296e-5825-44db-b6cc-6c9651528f3d,remnant.direct,available,14.98,53.98,high,low,7,namecheap,,,22/08/2026 22:50
6fb0bd89-7f9f-4b7a-9252-fd662bf1bef2,prosecutors.direct,available,17.99,41.99,medium,low,11,namesilo,,,30/09/2026 00:33
3e0da61c-be06-47ff-be08-4d0b47e08c7d,parasite.direct,available,32.2,32.2,high,low,8,cloudflare,,,29/09/2026 01:47
100b23ca-c7e4-47fe-b693-6f74d5673b02,postcard.direct,available,32.2,32.2,high,low,8,cloudflare,,,29/09/2026 13:21
8f0f428c-c006-4489-8e56-12d9ab10d0b5,arietta.direct,available,17.99,41.99,medium,low,7,namesilo,,,20/09/2026 05:25
7e8b28b5-8505-499a-bf7c-ef4cfa37e880,radiance.direct,available,14.98,53.98,high,low,8,namecheap,,,20/08/2026 15:09
52ddd665-e003-4f3f-a822-ca67f1753a1c,sacks.direct,available,14.98,53.98,medium,low,5,namecheap,,,20/09/2026 18:55
ea16820a-2b49-4d05-9332-ec16ea926255,populous.direct,available,14.98,53.98,high,low,8,namecheap,,,08/09/2026 23:57
a437a634-7308-40f0-8048-e3eaa31adeab,joplin.direct,available,13.14,33.32,medium,low,6,spaceship,,,28/09/2026 19:32
d383282c-5298-42cc-a4f8-3250e23766a0,alps.direct,available,17.99,41.99,high,low,4,namesilo,,,18/09/2026 14:12
93f3d3d0-0c7b-4f0f-bf95-46a850b1f057,slide.direct,available,19.99,63.99,high,low,5,godaddy,,,30/09/2026 02:07
56f14ed0-4d4d-4bdb-9cec-37c6b1a7d31a,inglis.direct,available,13.14,33.32,high,low,6,spaceship,,,29/09/2026 14:51
9deb2a26-46b6-46c8-97f5-a9a75b7e0439,fumed.direct,available,14.98,53.98,medium,low,5,namecheap,,,18/08/2026 18:20
43b9aa46-a341-4ee1-ae84-e1ee0b32613d,saturated.direct,available,14.98,53.98,medium,low,9,namecheap,,,09/09/2026 21:53
35f511e8-af5d-468f-b7df-7d48f343dd8e,cockamamy.direct,available,14.98,53.98,low,low,9,namecheap,,,12/08/2026 14:49
4431349a-6f4c-4298-b12a-e3623889ea04,mystical.direct,available,14.98,53.98,high,low,8,namecheap,,,03/09/2026 12:24
b2852e94-5141-403e-8f9e-58369eb0f74d,schizoid.direct,available,14.98,53.98,medium,low,8,namecheap,,,09/09/2026 23:09
ff05ea94-310f-4312-859e-bcf77f342f8e,taxable.direct,available,14.98,53.98,medium,low,7,namecheap,,,03/09/2026 19:07
7e933fab-02da-4f5d-9f2d-38f64e088690,charged.direct,available,14.98,53.98,high,low,7,namecheap,,,12/08/2026 02:31
e25a2ea5-7a57-4e3d-a62f-f62fee91623c,knockout.direct,available,17,53.98,medium,low,8,unstoppable,,,29/09/2026 04:50
ddba9558-465a-4eb5-91e6-974cfd53d3ef,turkmen.direct,available,14.98,53.98,medium,low,7,namecheap,,,11/09/2026 21:19
43722ad0-db87-485f-b83e-5c5548bddacb,telephonic.direct,available,14.98,53.98,medium,low,10,namecheap,,,11/09/2026 10:20
d64beb9a-816c-4076-881c-80df18e5c8f2,iniquity.direct,available,14.98,53.98,medium,low,8,namecheap,,,17/08/2026 15:08
922d5ecd-8db3-42bb-ba63-687453532379,arbitrage.direct,available,17.99,41.99,high,low,9,namesilo,,,20/09/2026 00:42
6334e1dc-591c-4479-86c9-fe373d251b91,keyrings.direct,available,17.99,41.99,medium,low,8,namesilo,,,20/09/2026 12:08
9e1ef040-a1bb-4671-9d7b-6ec629d97b7f,bayou.direct,available,14.98,53.98,high,low,5,namecheap,,,22/09/2026 18:09
f9bf97ba-56a4-4cbe-a019-0d1fa1c45529,sanctum.direct,available,14.98,53.98,high,low,7,namecheap,,,21/08/2026 10:47
e33264a5-8987-44b7-8b0e-10ebc4fdc272,winifred.direct,available,14.98,53.98,medium,low,8,namecheap,,,28/09/2026 21:52
9c77627c-7ec1-4d3f-8c95-23d71a5916a1,sounded.direct,available,19.99,,medium,low,7,name.com,,,
8d0fe8ea-fbe4-4dfe-b0e8-1702080dcae0,operose.direct,available,14.98,53.98,medium,low,7,namecheap,,,06/08/2026 17:05
f6392013-654c-4ef4-a347-f4a84481dd37,brainsick.direct,available,14.98,53.98,low,low,9,namecheap,,,11/08/2026 01:45
f112fe74-d0c1-4ab1-b817-a3ce7c91b210,vicennial.direct,available,14.98,53.98,medium,low,9,namecheap,,,13/09/2026 05:23
aab58898-d1ea-4a05-bc6e-706f8ad8e515,ictic.direct,available,14.98,53.98,low,low,5,namecheap,,,21/08/2026 17:53
5ad67d68-9b51-4cc9-acc3-85b0aa8cda24,extend.direct,available,19.99,,high,low,6,name.com,,,
8182713b-0d14-4116-86b1-3d10fecc6aa6,isn.direct,available,13.14,33.32,high,low,3,spaceship,,,30/09/2026 02:01
f6a7e9dd-f881-46e8-92be-d62590217c03,hawks.direct,available,17,,medium,low,5,unstoppable,,,28/09/2026 22:17
4a1e7dde-7d4b-408d-8c9f-362051bb63a6,allowable.direct,available,14.98,53.98,high,low,9,namecheap,,,
93fcee9f-14c8-4c29-943e-6897fffd87bf,sarah.direct,available,17.99,41.99,high,low,5,namesilo,,,25/09/2026 10:34
7d9f50c6-cf53-41f1-95c8-96eb075f61c4,monolithic.direct,available,14.98,53.98,medium,low,10,namecheap,,,24/08/2026 16:43
c83fad83-588b-4de1-ae2d-6e6f1c4af354,onionskin.direct,available,14.98,53.98,medium,low,9,namecheap,,,18/08/2026 08:17
f463e3c0-d74e-4c9e-9d80-0edeb5c297d2,wears.direct,available,17.99,41.99,medium,low,5,namesilo,,,17/09/2026 10:43
722e310a-a5f9-47f1-902d-4e016faf7417,caudal.direct,available,14.98,53.98,high,low,6,namecheap,,,11/08/2026 22:22
472ff116-8150-4eed-a921-2467201d0f49,adkins.direct,available,32.2,32.2,medium,low,6,cloudflare,,,29/09/2026 23:23
9a33afe5-61a6-42d3-ae3d-2784f307b0ae,surviving.direct,available,14.98,53.98,high,low,9,namecheap,,,11/09/2026 04:49
33bf0979-a60c-4010-aa9f-4c2f3332d542,simulation.direct,available,17.99,41.99,high,low,10,namesilo,,,28/09/2026 10:50
b5cb4a80-4819-4cad-927c-daa7f5d95621,traveled.direct,available,13.14,33.32,high,low,8,spaceship,,,28/09/2026 09:30
ac33a525-2516-4876-8554-2f5c3fed0b49,presage.direct,available,14.98,53.98,high,low,7,namecheap,,,09/09/2026 02:57
637f26af-52fe-43ff-8e35-e81627539264,yelling.direct,available,17.99,41.99,high,low,7,namesilo,,,28/09/2026 06:53
4047cdf6-b03a-49db-85f7-7cd5b0ce2749,redeemable.direct,available,14.98,53.98,high,low,10,namecheap,,,11/08/2026 20:14
b097ec63-6b1f-44a5-8253-8bbdecbbf35d,bosnian.direct,available,14.98,53.98,high,low,7,namecheap,,,10/08/2026 20:21
fd17ef31-0660-4ed3-a75c-802da804e116,insanely.direct,available,14.98,53.98,medium,low,8,namecheap,,,14/09/2026 09:13
eb3f5ecf-6cce-4d0b-99e2-eadc6bcca729,hind.direct,available,14.98,53.98,medium,low,4,namecheap,,,21/08/2026 09:26
2c5e8f2f-b809-44bc-96ef-993e7a0bd81a,latrobe.direct,available,17.99,41.99,high,low,7,namesilo,,,23/09/2026 08:20
211bb839-895e-4e21-93c6-f3e1de96a851,spoof.direct,available,17.99,41.99,high,low,5,namesilo,,,23/09/2026 11:26
3b455fb4-f546-41e7-a08f-f96894095525,ayin.direct,available,17.99,41.99,high,low,4,namesilo,,,21/09/2026 10:38
c3f3b549-1811-4986-b26d-a27c7e151317,pronounce.direct,available,19.99,,high,low,9,name.com,,,
f98a4601-afd8-4641-bb6e-fca988bbdda8,anxiously.direct,available,14.98,53.98,medium,low,9,namecheap,,,13/09/2026 20:05
5bda4439-a7ed-4bac-8bf1-4cca271709cc,uncurbed.direct,available,14.98,53.98,medium,low,8,namecheap,,,12/09/2026 04:34
1b92dd5d-1857-4fe3-afa6-48d247d136d2,dutchess.direct,available,10.92,34.35,high,low,8,dynadot,,,29/09/2026 21:34
6709afe0-de48-4699-8648-5781a17be82a,chetah.direct,available,17.99,41.99,medium,low,6,namesilo,,,17/09/2026 01:35
742fca31-bb48-4b69-b205-b90c02182334,reduce.direct,available,17.99,41.99,high,low,6,namesilo,,,24/09/2026 08:28
3dfe126d-9ea6-48da-bbd6-b3e81ed35893,univocal.direct,available,14.98,53.98,medium,low,8,namecheap,,,12/09/2026 09:15
7a06bcac-518f-46a7-b3e3-9278091e007f,sapiens.direct,available,14.98,53.98,high,low,7,namecheap,,,19/09/2026 15:49
344c9a7f-17e4-4b61-9e20-a136577e29d5,martini.direct,available,32.2,32.2,high,low,7,cloudflare,,,28/09/2026 14:50
56d603f2-dc32-4b17-ad7e-678fe3772d22,christie.direct,available,17.99,41.99,high,low,8,namesilo,,,17/09/2026 16:30
5ab88578-4cd3-4bb9-b6b4-58435d99c4af,marston.direct,available,17,,medium,low,7,unstoppable,,,28/09/2026 16:09
17fe8e09-3cbf-47dc-9fba-0776f798f42e,arenga.direct,available,17.99,41.99,medium,low,6,namesilo,,,20/09/2026 03:43
4494cd59-08a4-4063-8dc1-732584bb55df,midway.direct,available,14.98,53.98,high,low,6,namecheap,,,11/08/2026 23:58
be7a748a-4feb-492b-859f-345b34ee0c47,nervy.direct,available,14.98,53.98,high,low,5,namecheap,,,11/08/2026 02:28
f5ee3a92-24e4-4230-b402-3c1292276194,skinny.direct,available,14.98,53.98,high,low,6,namecheap,,,12/08/2026 04:01
ced01a23-eeb8-48e6-a08c-9c74fab3d465,rayless.direct,available,14.98,53.98,medium,low,7,namecheap,,,09/09/2026 10:46
5285c8d3-b652-4b2a-bc3c-aeceb2c361de,symptoms.direct,available,13.14,33.32,medium,low,8,spaceship,,,27/09/2026 22:08
01885a9a-02db-475f-8b5a-2b52b4abc33f,sandra.direct,available,13.14,33.32,high,low,6,spaceship,,,27/09/2026 22:38
6ab2b033-38ab-4007-8326-aada60db616b,bailee.direct,available,14.98,53.98,medium,low,6,namecheap,,,21/09/2026 19:04
44423c1b-eb9e-4591-abc7-58e2c8a3a4e1,avidity.direct,available,17.99,41.99,high,low,7,namesilo,,,21/09/2026 09:28
9898d086-045a-4240-8e6e-84296619f832,tyranny.direct,available,14.98,53.98,medium,low,7,namecheap,,,16/09/2026 18:02
148992f4-7da0-42e8-9e8f-12287807acaa,trying.direct,available,14.98,53.98,high,low,6,namecheap,,,03/09/2026 15:44
5c0dd14f-5429-4ab1-9891-ea87e6d880ee,knees.direct,available,17.99,41.99,medium,low,5,namesilo,,,17/09/2026 07:20
4d1af026-fe8b-4153-8a87-36f1b0a69b7f,gears.direct,available,19.99,,medium,low,5,name.com,,,
714ed652-f805-4dff-8b5a-f08579f396e1,canola.direct,available,17.99,41.99,high,low,6,namesilo,,,24/09/2026 12:06
050ffb36-4ffd-4359-83d0-1d28a854f654,snicker.direct,available,19.99,,high,low,7,name.com,,,
af576c9d-92d0-4fde-9df7-9421180a45ab,fastidious.direct,available,14.98,53.98,medium,low,10,namecheap,,,17/08/2026 15:30
beff863f-3517-4867-ac90-06f9c1859350,straw.direct,available,14.98,53.98,high,low,5,namecheap,,,10/09/2026 22:03
06cf66ef-78e4-44bf-928c-e1094a38a2e8,bezant.direct,available,17.99,41.99,low,low,6,namesilo,,,23/09/2026 12:11
f0a2f303-07c1-44a0-9e86-da8e3223aebe,ftc.direct,available,17.99,41.99,high,low,3,namesilo,,,28/09/2026 14:08
2ce67795-91eb-4698-9f68-0711919e90f3,misses.direct,available,19.99,,high,low,6,name.com,,,
66d46e3b-94f8-4a6f-86de-5478aba62531,topological.direct,available,10.81,33.47,medium,low,11,porkbun,,,29/09/2026 23:29
d8da3f92-f969-4a60-9f52-0fdddab84d52,unsigned.direct,available,14.98,53.98,high,low,8,namecheap,,,12/09/2026 19:55
eb2d7f5b-fbb6-4bdb-8812-31f3c8edc31f,tatiana.direct,available,17,,medium,low,7,unstoppable,,,29/09/2026 21:54
3f836207-7b2a-4ff7-9924-8d0c451beae1,wayfaring.direct,available,14.98,53.98,medium,low,9,namecheap,,,13/09/2026 08:47
f9384aad-7ece-44be-bd97-bdb348a289c6,physically.direct,available,17.99,41.99,medium,low,10,namesilo,,,19/09/2026 14:53
6ba9c8da-d355-4346-a1b8-a15fff9fcbea,fee.direct,available,17.99,41.99,high,low,3,namesilo,,,29/09/2026 05:24
f31c8987-0ada-4af1-9e1e-e40836cd659e,litigate.direct,available,17.99,41.99,medium,low,8,namesilo,,,17/09/2026 05:06
11bfbbda-5cca-4d9f-a827-e87f1db9b42b,festivities.direct,available,13.14,33.32,medium,low,11,spaceship,,,29/09/2026 22:56
7fbba5bc-0630-4e0f-b633-ffab00a97777,mottled.direct,available,19.99,50.99,medium,low,7,name.com,,,13/08/2026 17:41
ccc29ae3-808a-4ca4-a23d-38d351076cce,demon.direct,available,14.98,53.98,high,low,5,namecheap,,,25/09/2026 22:20
192b2c20-1d0f-437a-bcba-0846f38850e1,lifeboat.direct,available,17,,high,low,8,unstoppable,,,29/09/2026 19:32
edfca1e8-648b-4c94-9eb6-bdcb8c46372f,radio.direct,resell,,,high,medium,5,Dynadot Inc,29/07/2015 16:00,29/07/2027 16:00,27/09/2026 09:31
cbb11667-d999-4d6f-b25c-9b9e80f3c96b,agnostic.direct,available,17.99,41.99,high,low,8,namesilo,,,21/09/2026 23:11
bb6b5fca-b642-4336-98ca-419ba01d7869,surreal.direct,available,14.98,53.98,high,low,7,namecheap,,,14/08/2026 18:46
bd1338e8-a125-4bf7-ba45-ab37e8233e5f,nomination.direct,available,32.2,32.2,high,low,10,cloudflare,,,28/09/2026 14:58
963b5cd9-56b1-4f15-98c0-d4e1df6a9783,lxii.direct,available,14.98,53.98,medium,low,4,namecheap,,,
594ead12-9a2c-465e-a326-e0777779b314,definitively.direct,available,19.99,,medium,low,12,name.com,,,
e5a5a7f6-1164-48f8-9da7-4925fb459503,renounce.direct,available,17.99,41.99,high,low,8,namesilo,,,29/09/2026 14:11
9774d866-31b7-4131-a7b7-6c60e32a3bd4,josiah.direct,available,17.99,41.99,medium,low,6,namesilo,,,27/09/2026 01:34
2a6d35ed-ca44-45e4-b6fb-4ebb6db58238,stew.direct,available,13.14,33.32,medium,low,4,spaceship,,,28/09/2026 09:50
2242c4e5-f07b-4721-9d6a-4aec4559f0b0,ironclad.direct,available,14.98,53.98,high,low,8,namecheap,,,11/08/2026 02:30
8b617c84-fce5-45d6-95f4-b00cd8dc2a7f,myer.direct,available,10.92,34.35,medium,low,4,dynadot,,,29/09/2026 22:41
d13c183f-6b4f-4eca-8ded-789649d3a3c3,atavist.direct,available,14.98,53.98,medium,low,7,namecheap,,,11/09/2026 14:58
c2c650f8-db3f-43ba-9281-eaf551779976,helen.direct,available,17.99,41.99,high,low,5,namesilo,,,25/09/2026 07:10
5a5c2fe0-89c0-44be-bd38-c7b860a3ee4b,enlighten.direct,available,19.99,,high,low,9,name.com,,,
ef8c31c2-959e-4d27-b9b8-b81080d8d1e5,sorrel.direct,available,14.98,53.98,medium,low,6,namecheap,,,11/08/2026 06:31
72df7933-95f7-4079-9376-dea964d30fe1,murders.direct,available,14.98,53.98,low,low,7,namecheap,,,25/09/2026 21:34
03229f45-f9b5-4cf6-9c96-5d5af57059e1,bergenia.direct,available,14.98,53.98,medium,low,8,namecheap,,,23/09/2026 09:20
3b30c7a0-0ba0-49d7-bec1-82712f280f8a,aper.direct,available,17.99,41.99,medium,low,4,namesilo,,,19/09/2026 16:29
db3ee95e-ce3f-44a4-9276-47ef00c8c22c,aralia.direct,available,17.99,41.99,medium,low,6,namesilo,,,19/09/2026 23:52
f10026aa-7ed4-44c8-a6a2-6dbf4b86d738,martyn.direct,available,17.99,41.99,high,low,6,namesilo,,,29/09/2026 09:11
4b4f33bb-fbb3-4cb0-b679-14b8b754e644,platinum.direct,available,17.99,41.99,high,low,8,namesilo,,,20/09/2026 23:50
7e1703f1-59f3-45f6-b0b3-52473ae6eff2,jane.direct,available,14.98,53.98,high,low,4,namecheap,,,25/09/2026 11:44
566660b1-e595-47a5-87be-079ab51cad7d,hangnail.direct,available,14.98,53.98,medium,low,8,namecheap,,,17/09/2026 18:26
b468b7c9-cb69-41cd-9367-0b6652a2fce5,unending.direct,available,14.98,53.98,high,low,8,namecheap,,,
d323a949-8a27-4626-a7d2-ea82ba6e7fb0,healthier.direct,available,14.98,53.98,high,low,9,namecheap,,,24/09/2026 19:03
fc67ab33-9e93-4cbd-94b8-6d36f9fb4ec2,flexibility.direct,available,17,,high,low,11,unstoppable,,,29/09/2026 16:16
c20aaf0d-52d0-4619-8f85-c5539fda811b,unhappiness.direct,available,19.99,,medium,low,11,name.com,,,
05537940-ace4-4df6-b755-9df336a6ebea,coffin.direct,available,13.14,33.32,medium,low,6,spaceship,,,29/09/2026 07:35
cbf4a3c9-6ff3-4520-951f-7a2b8ee350d8,herzegovina.direct,available,17.99,41.99,medium,low,11,namesilo,,,27/09/2026 18:47
7291449b-187e-40f0-9231-de7cb844bded,advertizer.direct,available,17.99,41.99,high,low,10,namesilo,,,17/09/2026 08:39
83fd5b64-efff-4fc3-bc30-7ecd8ce14d52,until.direct,available,19.99,,medium,low,5,name.com,,,
6e861849-377a-40c7-881c-9eb4aadf39cc,unlogical.direct,available,14.98,53.98,low,low,9,namecheap,,,21/08/2026 20:07
ff75e930-8bc8-429b-8539-3f84d2c3da23,overmuch.direct,available,14.98,53.98,medium,low,8,namecheap,,,04/09/2026 21:13
afbe4126-b26c-47a5-89d9-a1f0af9964bd,transaction.direct,available,13.14,33.32,high,low,11,spaceship,,,28/09/2026 02:31
b4242121-1db6-4d8d-b24f-19654a56aae1,airlike.direct,available,14.98,53.98,medium,low,7,namecheap,,,
45371a6c-8380-4b87-8962-0ae0a2067ef8,says.direct,available,11.98,53.98,medium,low,4,namecheap,,,
d9d06284-763f-4ee5-a939-780146088163,incursive.direct,available,14.98,53.98,medium,low,9,namecheap,,,22/08/2026 02:09
2f13a417-a60f-49f5-85c8-5b4c09a6ae1b,factors.direct,available,13.14,33.32,medium,low,7,spaceship,,,29/09/2026 10:49
5f4624df-7d7b-4f47-b472-9ab20c26922a,cultural.direct,available,14.98,53.98,high,low,8,namecheap,,,13/08/2026 10:15
b4236271-f42d-4ea6-888f-195fc408e1f2,uncommon.direct,available,14.98,53.98,high,low,8,namecheap,,,12/09/2026 05:57
d71e5d42-bf6c-4856-bc7d-ba4a3ad69bed,babylon.direct,available,17.99,41.99,high,low,7,namesilo,,,21/09/2026 13:50
1f0ee35c-308a-4135-9ec9-12480a4a455f,dignitary.direct,available,17,,high,low,9,unstoppable,,,29/09/2026 14:54
d0d1cfc8-92ec-451b-8803-54b5f34afce4,ambulation.direct,available,17.99,41.99,medium,low,10,namesilo,,,18/09/2026 17:29
070e323d-cd4a-48a0-97eb-edcb7e66e9d2,retaliator.direct,available,17.99,41.99,medium,low,10,namesilo,,,21/09/2026 08:57
55af2dc6-f8ed-496c-8689-d585cbe4916d,innermost.direct,available,14.98,53.98,medium,low,9,namecheap,,,22/08/2026 05:53
af0c353f-69de-4136-ab8a-6c93db024f56,cimarron.direct,available,17.99,41.99,high,low,8,namesilo,,,23/09/2026 15:12
ca8e93e6-162f-4849-9ef6-16bf7d94de6e,queenlike.direct,available,14.98,53.98,medium,low,9,namecheap,,,09/09/2026 07:54
56b46754-bb48-4acd-81b8-fb1f5ea5bf8f,uut.direct,available,17.99,41.99,medium,low,3,namesilo,,,20/09/2026 22:17
bdd29ee5-a272-4513-8934-cacd2f54422f,aucuba.direct,available,17.99,41.99,medium,low,6,namesilo,,,21/09/2026 02:47
71a3cd5f-78e9-4b87-a7b4-266a7e13df32,bros.direct,available,17.99,41.99,medium,low,4,namesilo,,,18/09/2026 13:28
08de2181-ca83-4846-8103-7ce9aefeaa5a,superhuman.direct,available,14.98,53.98,high,low,10,namecheap,,,11/09/2026 02:16
1494a0e5-d13f-42e7-b086-f9aec1edb391,alger.direct,available,17.99,41.99,high,low,5,namesilo,,,18/09/2026 06:56
077e15fe-f843-4d24-af01-6049c467288f,contingent.direct,available,17.99,41.99,high,low,10,namesilo,,,23/09/2026 22:07
7dc85e15-cfca-4fbd-a13a-2c8bff561e5f,introduce.direct,available,17,,high,low,9,unstoppable,,,30/09/2026 00:04
baacb0e7-b874-4399-9ae8-8d03c77d2c07,spiny.direct,available,14.98,53.98,medium,low,5,namecheap,,,08/08/2026 17:49
94f5178c-874b-4862-a49c-c36a86628584,coordinates.direct,available,10.81,33.47,medium,low,11,porkbun,,,28/09/2026 04:24
fdff9afc-4bf5-4d73-8ce5-b26d3f0d1d5d,championship.direct,available,17.99,41.99,high,low,12,namesilo,,,27/09/2026 02:00
caafde23-023b-4be3-962c-89774b944350,fucked.direct,available,13.14,33.32,medium,low,6,spaceship,,,29/09/2026 21:06
e8a39cab-50e3-48e8-b8e2-d3eae51a0b85,penniless.direct,available,14.98,53.98,medium,low,9,namecheap,,,21/08/2026 00:34
73a24f76-b566-4996-961a-17785abf9d77,aired.direct,available,14.98,53.98,high,low,5,namecheap,,,
3f5169af-4a54-4db0-b671-cf290c479346,unsung.direct,available,14.98,53.98,medium,low,6,namecheap,,,12/09/2026 20:49
4d1f0971-f4c0-41d5-975d-2bc71756a289,translates.direct,available,13.14,33.32,medium,low,10,spaceship,,,30/09/2026 00:23
2411413b-adec-44c8-8d89-c3002db35f94,castrated.direct,available,14.98,53.98,medium,low,9,namecheap,,,11/08/2026 20:30
09207d49-bc0f-4e83-8fd5-1e7a9deba99a,titled.direct,available,14.98,53.98,high,low,6,namecheap,,,13/08/2026 01:50
a83321dd-82c4-403f-8ef7-63d8cf29435d,sealed.direct,available,13.14,33.32,high,low,6,spaceship,,,27/09/2026 18:59
55d69d20-d0e2-43ff-8cdd-33f3d5a6449b,willow.direct,available,19.99,,high,low,6,name.com,,,
84b2ed15-b33f-4243-9fba-3535dfe191d0,owners.direct,premium,118.8,118.8,medium,low,6,namesilo,,,28/09/2026 08:43
b1d54cf0-bd26-4ff4-b96e-ba503531e317,neoclassic.direct,available,14.98,53.98,medium,low,10,namecheap,,,03/09/2026 15:21
5efcb413-7fe3-4f9a-ae34-2b112f1dac3d,attache.direct,available,17.99,41.99,high,low,7,namesilo,,,21/09/2026 01:04
57eb87c4-3ab8-4ca5-9be7-74bf1bcf1814,dressy.direct,available,14.98,53.98,high,low,6,namecheap,,,14/08/2026 18:57
3b3b85d6-875f-430a-8244-5437f7bc81d1,shocked.direct,available,14.98,53.98,high,low,7,namecheap,,,
f7317428-4e64-4da3-a8d5-c7b197e924ae,aztec.direct,available,17.99,41.99,high,low,5,namesilo,,,21/09/2026 11:36
1f875807-34a9-4d79-abde-9a35f5dacb5f,refreshment.direct,available,17.99,41.99,high,low,11,namesilo,,,19/09/2026 14:11
7f42a7c3-69d3-4063-8d24-24d5cfb90c41,fiduciary.direct,available,14.98,53.98,high,low,9,namecheap,,,18/08/2026 03:39
df604004-04d9-43fc-b730-b07c6a5ad21c,youngish.direct,available,14.98,53.98,medium,low,8,namecheap,,,13/09/2026 14:49
2bcd36a7-8bcc-48d6-ad55-c1245303ae09,dwindling.direct,available,14.98,53.98,medium,low,9,namecheap,,,14/08/2026 21:48
abb98fef-7e84-48c0-b1ac-d2b8536cd6b6,palsied.direct,available,14.98,53.98,medium,low,7,namecheap,,,05/09/2026 00:19
60b86d82-4ff8-4a62-b1d7-7024c1710249,festive.direct,available,14.98,53.98,high,low,7,namecheap,,,18/08/2026 02:14
d92a1f82-08fa-43ed-9003-5e3e5d966a8a,arden.direct,available,13.14,33.32,medium,low,5,spaceship,,,28/09/2026 12:17
7ef1d575-8ae8-4550-b9d9-3c48695252cc,brushes.direct,available,13.14,33.32,medium,low,7,spaceship,,,30/09/2026 00:37
4b3c3ba4-04f1-4a5c-84c2-54e9eb9c916c,arguably.direct,available,14.98,53.98,medium,low,8,namecheap,,,13/09/2026 20:45
d3b66e22-c018-4d57-bd1b-e9e2070535fc,autistic.direct,available,14.98,53.98,high,low,8,namecheap,,,07/08/2026 19:22
a8390720-9098-4d3b-a685-ee91328686d0,asynchrony.direct,available,17.99,41.99,medium,low,10,namesilo,,,20/09/2026 18:41
0f6ef0de-73e9-4987-8021-eeeece714e72,holds.direct,available,13.14,33.32,medium,low,5,spaceship,,,28/09/2026 23:34
2b91a93c-476f-4bdc-a9e7-75134ecb1d5e,overloaded.direct,available,14.98,53.98,medium,low,10,namecheap,,,04/09/2026 20:54
b4ed1350-1c11-44d3-9cea-407ae35a7290,pertly.direct,available,14.98,53.98,medium,low,6,namecheap,,,15/09/2026 02:17
281f38c6-e1d9-4ecc-8d3f-66df91f0876a,awaiting.direct,available,32.2,32.2,low,low,8,cloudflare,,,28/09/2026 17:49
254b22d4-2202-4f60-bf97-95eec277e85c,washington.direct,premium,118.8,118.8,high,low,10,namesilo,,,28/09/2026 20:59
861b2d3e-e503-4dda-92cb-7f33ef1f4ab8,backs.direct,available,17.99,41.99,medium,low,5,namesilo,,,18/09/2026 06:41
7351f3bd-cd31-45bf-b1e3-9be55461e42a,humanely.direct,available,14.98,53.98,high,low,8,namecheap,,,15/09/2026 01:17
7e14ff73-667a-4c3b-9882-e30a1b2e1d44,wavy.direct,available,14.98,53.98,high,low,4,namecheap,,,13/08/2026 06:54
3361d96a-cf08-4483-ad5f-3bd116f93108,sanely.direct,available,14.98,53.98,medium,low,6,namecheap,,,16/09/2026 00:33
d87c449e-e3f2-4fbc-82a2-3a568ddbae83,eonian.direct,available,14.98,53.98,medium,low,6,namecheap,,,
191693eb-eee6-4082-9586-93443a94819a,stands.direct,available,19.99,,medium,low,6,name.com,,,
d7aa4f15-87b7-4216-a856-300bd798daa9,racial.direct,available,14.98,53.98,high,low,6,namecheap,,,09/09/2026 09:19
bd558004-06af-497f-8502-4129673abcf8,rectangle.direct,available,19.99,,high,low,9,name.com,,,
1610ce49-864e-4941-8073-47b9c200afef,bound.direct,available,14.98,53.98,high,low,5,namecheap,,,22/09/2026 07:27
c541e2f8-d86b-48e7-a00f-fb12317523d0,standing.direct,available,17.99,41.99,high,low,8,namesilo,,,28/09/2026 00:41
4a62d2b4-abb6-42e2-b985-e57c7ac28586,tank.direct,available,14.98,53.98,high,low,4,namecheap,,,20/09/2026 07:27
e42bdcb4-fe94-4c0a-9809-726b7809f0a8,scotch.direct,available,17.99,41.99,high,low,6,namesilo,,,24/09/2026 21:59
7ee18358-c238-44be-aedd-b0770e07b5d6,queer.direct,available,14.98,53.98,high,low,5,namecheap,,,13/08/2026 11:09
04a48a08-1350-4756-a1b2-7d5dbc7ac881,relationships.direct,available,14.98,53.98,medium,low,13,namecheap,,,17/09/2026 20:15
90a5c2ce-475c-43e9-8500-d20afef10fb7,unrequited.direct,available,14.98,53.98,medium,low,10,namecheap,,,12/09/2026 00:45
06ef8014-9426-40e0-b093-03bff079c7e9,scummy.direct,available,14.98,53.98,medium,low,6,namecheap,,,
75e55559-e226-4adc-86d4-44310494c16b,downside.direct,available,17.99,41.99,medium,low,8,namesilo,,,24/09/2026 23:40
35a90b24-c9f7-4fee-94f0-da9d48def32d,mitral.direct,available,14.98,53.98,medium,low,6,namecheap,,,25/08/2026 02:10
76e902e6-b926-48d1-bea0-1f9a39248437,kgb.direct,available,17,,high,low,3,unstoppable,,,29/09/2026 10:23
d98aea1a-f56c-4d43-aaa6-d5a06de71dfa,down.direct,available,17.99,41.99,high,low,4,namesilo,,,24/09/2026 11:53
eeba2019-5897-4d5d-973f-55f05c53883e,desperately.direct,available,17.99,41.99,medium,low,11,namesilo,,,28/09/2026 07:05
6d9cbe1c-6e74-4a7e-b250-d93b1919740d,ovarian.direct,available,14.98,53.98,medium,low,7,namecheap,,,04/09/2026 19:55
3f31f1a9-ab4f-41bd-97cf-f1ce3630cc06,existent.direct,available,14.98,53.98,high,low,8,namecheap,,,
be9721e0-e1f5-4f1e-b3dd-890272d91bc3,mockery.direct,available,14.98,53.98,high,low,7,namecheap,,,22/08/2026 12:39
f051ab8c-6da6-458a-9661-7810b4ca2f11,bellman.direct,available,14.98,53.98,medium,low,7,namecheap,,,23/09/2026 06:01
4b14bfdc-6ff1-4514-a46f-8efefd056fd1,islands.direct,available,19.99,,high,low,7,name.com,,,
617b8386-f75a-4be7-8871-318ed6cced67,bangkok.direct,premium,118.8,118.8,high,low,7,namesilo,,,22/09/2026 01:48
6d1e0f68-d252-4da4-b205-1c725a8f43f2,mandarin.direct,available,17.99,41.99,high,low,8,namesilo,,,23/09/2026 04:17
b7136006-7a29-45e2-8170-07fdf23e6264,kookie.direct,available,14.98,53.98,medium,low,6,namecheap,,,06/08/2026 21:09
83244672-3032-4828-bf0f-928f82bf50c5,ohio.direct,premium,118.8,118.8,high,low,4,namesilo,,,29/09/2026 04:57
d67d3a1e-9fe7-49ba-b53d-4786d31965ad,plaster.direct,available,17.99,41.99,medium,low,7,namesilo,,,17/09/2026 07:59
82d4310f-2bc8-46cb-b1ab-090fd9675459,attenuator.direct,available,17.99,41.99,medium,low,10,namesilo,,,21/09/2026 01:34
6c136778-1f4f-4a96-b151-248082b57f6c,lastly.direct,available,32.2,32.2,medium,low,6,cloudflare,,,28/09/2026 15:27
b726efa5-3090-4c47-9b60-f9542a8aa96d,blackbuck.direct,available,17.99,41.99,medium,low,9,namesilo,,,19/09/2026 14:39
5fc47710-12ed-4ef0-8fb0-2aee9c59f21e,charleston.direct,premium,33.5,38.94,high,low,10,unstoppable,,,29/09/2026 07:20
55ef4aa5-667e-4e12-bfd4-6a6890828492,bettong.direct,available,17.99,41.99,medium,low,7,namesilo,,,23/09/2026 11:46
70994e44-829d-4b8d-89ec-93e8636c94a0,ahorse.direct,available,14.98,53.98,medium,low,6,namecheap,,,
8b6c48e2-b58f-4e8d-896e-af090a461ada,sculpture.direct,available,14.98,53.98,high,low,9,namecheap,,,20/08/2026 18:45
985b5c1e-de41-4931-bbcb-3290e958b2b1,icons.direct,resell,,,high,low,5,"GoDaddy.com, LLC",05/01/2025 02:11,05/01/2027 02:11,26/09/2026 06:47
8b4600bb-fd68-401b-87db-4fa693fd5971,ninefold.direct,available,14.98,53.98,medium,low,8,namecheap,,,03/09/2026 17:31
987b7003-dc79-4333-b52e-f92e438520d0,bourbon.direct,premium,38.94,38.94,high,low,7,namesilo,,,24/09/2026 07:37
897674bb-7739-42da-ba5c-f53c5ecd4dd4,elective.direct,available,14.98,53.98,high,low,8,namecheap,,,16/08/2026 02:33
17a4289a-3914-46c2-9bd1-afa704d8454a,yersin.direct,available,17.99,41.99,medium,low,6,namesilo,,,18/09/2026 05:59
f9904f94-2cfb-4dbc-85a5-1ecb21836690,classy.direct,available,14.98,53.98,high,low,6,namecheap,,,12/08/2026 09:52
d08c64ef-8ebd-4478-bf9c-04285017b8c3,ulterior.direct,available,14.98,53.98,medium,low,8,namecheap,,,22/08/2026 20:32
a8a0cc9d-b8a6-4f99-88b9-e222c725e795,valentine.direct,available,14.98,53.98,high,low,9,namecheap,,,26/09/2026 00:29
e2b8c057-6169-4553-9c1a-f035488cffe5,undone.direct,available,14.98,53.98,medium,low,6,namecheap,,,11/09/2026 01:55
3bc9f1a6-09e5-4779-abe3-4b8a6537f5ff,goya.direct,available,32.2,32.2,high,low,4,cloudflare,,,29/09/2026 18:58
b62605be-2e4c-4330-9e5a-9d683194dfbc,airdock.direct,available,17.99,41.99,medium,low,7,namesilo,,,17/09/2026 23:04
3dc092cb-3326-4a81-9dba-c050e969e7a3,abelard.direct,available,17.99,41.99,medium,low,7,namesilo,,,16/09/2026 14:59
e5c2700a-a882-433e-a68f-e24da3674f16,presents.direct,available,14.98,53.98,high,low,8,namecheap,,,08/09/2026 04:30
f5900371-0d6c-454e-8676-0e6db2321194,striate.direct,available,14.98,53.98,medium,low,7,namecheap,,,10/09/2026 22:36
f06b5abc-1b64-4b69-9a4e-d819c20862df,vehicular.direct,available,14.98,53.98,high,low,9,namecheap,,,13/09/2026 01:48
c718b95e-b65d-4c46-af38-64d190a19c7e,nyc.direct,premium,242,242,high,medium,3,namesilo,,,
c722d26a-c514-40f4-aa47-6f61a30a0a09,smoky.direct,available,14.98,53.98,medium,low,5,namecheap,,,10/09/2026 11:59
d7f91f69-2a97-466e-b1fb-24bc02bbaf82,wrong.direct,available,17.99,41.99,high,low,5,namesilo,,,25/09/2026 07:41
e3d4258f-4ce4-4df5-ac5e-225889499e2e,wilhelm.direct,available,14.98,53.98,high,low,7,namecheap,,,25/09/2026 18:53
f3168ac2-4e13-47ba-b6fa-e76525fd881f,pillar.direct,available,13.14,33.32,high,low,6,spaceship,,,29/09/2026 13:21
343f7832-217e-4a0b-bc9b-bb86bfcd4861,acris.direct,available,14.98,53.98,medium,low,5,namecheap,,,17/09/2026 03:16
47522efc-bd35-4cfc-a94c-586f635a2b64,alston.direct,available,17,,high,low,6,unstoppable,,,29/09/2026 15:32
7c63e75e-b896-4b63-b0e1-48c2cfbdf3dc,assembling.direct,available,17.99,41.99,high,low,10,namesilo,,,20/09/2026 16:08
379a865e-afef-4e71-89f2-e514f50a778d,adjustor.direct,available,17.99,41.99,medium,low,8,namesilo,,,17/09/2026 08:34
3d8c985a-9db2-49f5-ba3a-b0cd755a9476,absence.direct,available,17.99,41.99,medium,low,7,namesilo,,,28/09/2026 17:04
9f8f4b02-8a7e-4cde-bedf-34897ada80ee,bikers.direct,available,14.98,53.98,high,low,6,namecheap,,,23/09/2026 15:36
af8f54f1-baa4-4f5c-a923-284880cbd54b,diffused.direct,available,14.98,53.98,medium,low,8,namecheap,,,14/08/2026 07:08
9a73ab78-db51-404f-b8f1-f80178027aae,campana.direct,available,17.99,41.99,high,low,7,namesilo,,,23/09/2026 05:51
4b048184-c92f-4c68-a2ed-30fceb07bebf,sparely.direct,available,17.99,41.99,medium,low,7,namesilo,,,16/09/2026 05:49
2f3208b8-243d-40a1-b19b-bf3ed0a43203,detachment.direct,available,17.99,41.99,high,low,10,namesilo,,,29/09/2026 12:04
3cd4b72c-ec74-4d25-b41c-f2de0eedbe63,unstrung.direct,available,14.98,53.98,medium,low,8,namecheap,,,12/09/2026 20:39
42cfea6a-e663-493e-8314-a398b4723e1d,vomit.direct,available,14.98,53.98,high,medium,5,namecheap,,,10/09/2026 07:32
912eaeab-6dba-4f2f-b24b-b6cb556643de,station.direct,resell,,,high,low,7,Dynadot Inc,17/01/2026 17:00,17/01/2027 17:00,26/09/2026 09:17
3881313c-f138-47cd-8ac3-2fd3af3278e8,viscid.direct,available,14.98,53.98,medium,low,6,namecheap,,,20/08/2026 15:23
1ffd67c8-1407-4e9a-8048-b1400fcb321f,promo.direct,premium,46.2,46.2,high,low,5,namecheap,,,
69160f41-942f-47ed-9ee8-4fb0c956632f,fayetteville.direct,available,17.99,41.99,high,low,12,namesilo,,,28/09/2026 04:16
0c54ae18-5bf4-4046-855b-610b5452bcdb,traded.direct,available,32.2,32.2,medium,low,6,cloudflare,,,29/09/2026 04:46
61b91a26-3bfa-4c94-81e5-7cf5269a7233,yawn.direct,available,14.98,53.98,medium,low,4,namecheap,,,28/09/2026 11:12
62acf082-ecd4-493a-87d3-1296dfb2675f,promise.direct,available,19.99,,high,low,7,name.com,,,
3e5c8d69-1312-46ef-8835-c10c797ce03a,proving.direct,available,17.99,41.99,high,low,7,namesilo,,,28/09/2026 11:26
fe590a5c-7b95-48a5-b318-1e9215cfd4e3,plumy.direct,available,14.98,53.98,medium,low,5,namecheap,,,18/08/2026 00:25
2eb68e59-0840-451d-a2d1-1e6a68122b61,contrasty.direct,available,14.98,53.98,high,low,9,namecheap,,,12/08/2026 23:32
242d811b-754b-4817-a75c-4fc26f4480c0,faithfully.direct,available,14.98,53.98,high,low,10,namecheap,,,14/09/2026 11:42
5a4d5555-c2c6-49dd-b48e-2daa11b3ada2,cindy.direct,available,19.99,,high,low,5,name.com,,,
aaaa4e99-419b-45ae-9a76-55832f57c2b4,duval.direct,available,10.92,34.35,medium,low,5,dynadot,,,28/09/2026 11:57
0ae94075-8513-4e43-999b-227bf2c16877,ulm.direct,available,13.14,33.32,medium,low,3,spaceship,,,29/09/2026 09:33
d57f411f-069d-4538-956f-90f884fc637f,formative.direct,available,14.98,53.98,high,low,9,namecheap,,,18/08/2026 12:07
a8deffdc-6421-4d9b-8e26-e76229d94cce,billyo.direct,available,17.99,41.99,medium,low,6,namesilo,,,18/09/2026 09:10
c25edd9b-2490-41d9-a01a-7418b41dddee,worrying.direct,available,14.98,53.98,medium,low,8,namecheap,,,14/08/2026 13:23
1e4777ec-e90e-4f06-b01d-47a2fbb6a2be,barrels.direct,available,17.99,41.99,high,low,7,namesilo,,,22/09/2026 08:23
72837170-da80-41d3-bbd7-dec00bc7a206,aboveboard.direct,available,14.98,53.98,high,low,10,namecheap,,,
a298b07e-37cc-46a8-9307-fb940a8919d4,beanie.direct,available,14.98,53.98,high,low,6,namecheap,,,22/09/2026 20:31
97d98440-8038-48ba-973e-226f64ea7a47,cannibal.direct,available,17.99,41.99,medium,low,8,namesilo,,,19/09/2026 13:56
9a823efe-52ba-4037-a8a9-7d8003b6662c,devout.direct,available,14.98,53.98,high,low,6,namecheap,,,14/08/2026 05:17
cf6982bf-2c94-4775-8ae9-3a266eddedb7,longhand.direct,available,14.98,53.98,high,low,8,namecheap,,,13/08/2026 11:38
ad7776b1-c332-4c66-9ddd-7045a7689f67,wanna.direct,available,17.99,41.99,high,low,5,namesilo,,,26/09/2026 00:48
74f79add-d538-47cf-9b9c-2e5031402ade,declension.direct,available,14.98,53.98,medium,low,10,namecheap,,,13/09/2026 13:21
45513524-3841-47d8-a1c8-da08231cdb1a,coeliac.direct,available,14.98,53.98,medium,low,7,namecheap,,,12/08/2026 15:21
80dda438-f2cc-4a7b-b5d6-1638225880ef,unnatural.direct,available,14.98,53.98,medium,low,9,namecheap,,,
7d4093e7-70b6-4747-8e20-cad48c9b2e26,hourlong.direct,available,14.98,53.98,medium,low,8,namecheap,,,21/08/2026 14:22
12b610d9-4bdd-42b5-9079-2983e32eaec4,publically.direct,available,14.98,53.98,medium,low,10,namecheap,,,15/09/2026 06:33
b6c10597-61f8-4bf6-ae64-fd168b32cdfb,samarium.direct,available,17.99,41.99,medium,low,8,namesilo,,,20/09/2026 23:24
93b7ab1f-26cb-4c81-85b8-0b30820cc298,injection.direct,available,32.2,32.2,high,low,9,cloudflare,,,28/09/2026 06:02
a6084fae-66dd-406a-8961-26e8642ff122,marathi.direct,available,13.14,33.32,medium,low,7,spaceship,,,29/09/2026 19:35
d40f5137-e38d-429a-99fa-4d72d1087571,sulky.direct,available,14.98,53.98,medium,low,5,namecheap,,,20/08/2026 14:46
48b822c1-9722-47ed-a8de-da5152975407,honeymooning.direct,available,17.99,41.99,high,low,12,namesilo,,,21/09/2026 06:04
12c410b6-f2ee-4cf7-a37e-90a10f990f4a,thief.direct,available,19.99,,high,low,5,name.com,,,
89d12080-14da-4402-a568-963f9e16929d,ethyne.direct,available,17.99,41.99,medium,low,6,namesilo,,,17/09/2026 00:23
4128a6f5-372f-4675-929b-0749c026496a,shallot.direct,available,17.99,41.99,medium,low,7,namesilo,,,18/09/2026 11:16
0bacda64-883b-4347-b9f4-2f446fe12cf3,unvented.direct,available,14.98,53.98,low,low,8,namecheap,,,12/09/2026 22:11
8ef6bd90-10ed-4177-bdb4-3e567011382c,monkshood.direct,available,14.98,53.98,medium,low,9,namecheap,,,17/09/2026 02:11
d7ae6929-bc4b-45c5-855b-d8845e4255d7,nps.direct,available,32.2,32.2,high,low,3,cloudflare,,,28/09/2026 16:21
65e59f7e-88fa-4410-afb6-a2003a2cf2ae,homelike.direct,available,14.98,53.98,medium,low,8,namecheap,,,21/08/2026 11:03
911fa126-01fb-4f91-8473-da6d1f4a3178,astutely.direct,available,14.98,53.98,medium,low,8,namecheap,,,13/09/2026 22:20
05ab939a-3ca6-4224-97ff-429f576bddca,miserable.direct,available,14.98,53.98,high,low,9,namecheap,,,
b87dbef6-fbe6-49f0-a8bf-e8e5ab2ad299,uub.direct,available,14.98,53.98,medium,low,3,namecheap,,,20/09/2026 22:14
02ce84fe-5e38-4103-ab05-c8d1ff51bd74,infield.direct,available,17.99,41.99,high,low,7,namesilo,,,22/09/2026 10:07
7fb65d3d-3f42-4897-a10a-09aa5cd836ce,leadplant.direct,available,17.99,41.99,medium,low,9,namesilo,,,18/09/2026 22:45
970f5915-4839-42ef-a912-0ecce36cc0e5,secretary.direct,available,17.99,41.99,high,low,9,namesilo,,,25/09/2026 22:37
9c15684a-439d-4818-a17b-215319102a9a,grenadian.direct,available,14.98,53.98,high,low,9,namecheap,,,20/08/2026 20:00
ec0d4e33-0e47-4184-9612-0c86f678d73a,thousands.direct,available,17.99,41.99,medium,low,9,namesilo,,,18/09/2026 15:22
c7281cca-5447-4153-b871-468e062fd3bc,vowels.direct,available,17.99,41.99,medium,low,6,namesilo,,,20/09/2026 00:07
270e6ff6-6a98-41c2-a226-f23b1db9db0f,intrepid.direct,available,17.99,41.99,high,low,8,namesilo,,,22/09/2026 12:24
0a762255-184b-4833-8422-8deb67a4da1a,wire.direct,resell,,,high,low,4,"Sav.com, LLC - 11",07/08/2026 15:15,07/08/2027 15:15,29/09/2026 05:42
d2db7938-d156-4e4c-be77-b3afd97e8565,wiry.direct,available,14.98,53.98,medium,low,4,namecheap,,,10/09/2026 22:42
9a7c8619-48b1-4683-9a95-3eb6ae101e91,lineages.direct,available,17,,low,low,8,unstoppable,,,28/09/2026 09:04
9826aeee-d738-40ce-a5d1-35f236592a14,traditionally.direct,available,32.2,32.2,medium,low,13,cloudflare,,,29/09/2026 20:59
1659bab5-408f-48df-bcd8-6a46b32e3a37,elam.direct,available,10.92,34.35,medium,low,4,dynadot,,,30/09/2026 01:29
ff535662-fb6b-4a23-99b9-6cef302150cb,camel.direct,available,14.98,53.98,high,low,5,namecheap,,,28/09/2026 01:20
82e54686-a750-4ab6-b30f-b4381e11d0b9,collects.direct,available,13.14,33.32,medium,low,8,spaceship,,,29/09/2026 17:04
f5d18209-3d62-4615-b776-dc8653a16e13,kabul.direct,available,17.99,41.99,high,low,5,namesilo,,,27/09/2026 12:08
ca2405f1-9652-4b69-a81d-2827d86abd5c,locating.direct,available,14.98,53.98,high,low,8,namecheap,,,09/09/2026 00:10
fb475e41-9723-4349-87df-bc5a8bc640e6,decedent.direct,available,14.98,53.98,medium,low,8,namecheap,,,13/08/2026 21:05
f1ab3090-92e9-47c2-af85-4f6ec21b984e,huston.direct,available,10.92,34.35,medium,low,6,dynadot,,,28/09/2026 14:28
83611abc-4389-41bf-838d-d3171b724d11,barony.direct,available,17.99,41.99,medium,low,6,namesilo,,,22/09/2026 07:36
2cc7e461-ee62-4179-b5ac-54a398fe32e7,gloomy.direct,available,14.98,53.98,medium,low,6,namecheap,,,14/08/2026 11:40
ac263cab-cf7e-4d0c-bb84-9bf0f64ac533,carrying.direct,available,19.99,,high,low,8,name.com,,,
f5c2a6db-3714-4f6d-a424-c7f0a273325a,uncharged.direct,available,14.98,53.98,medium,low,9,namecheap,,,12/09/2026 05:06
c97c4aea-d60b-4c1a-ab56-d63cf41eed4b,plainly.direct,available,14.98,53.98,high,low,7,namecheap,,,08/09/2026 20:28
93820a29-3ae3-451e-b57d-22f3e8054952,grin.direct,available,17.99,41.99,high,low,4,namesilo,,,27/09/2026 23:08
ce024d90-7c1f-4610-92d7-deb5860c4398,minus.direct,available,14.98,53.98,high,low,5,namecheap,,,25/08/2026 00:55
4567a852-8518-4294-8ef7-2da2a1665bca,moonless.direct,available,14.98,53.98,medium,low,8,namecheap,,,25/08/2026 05:54
3720493a-4dc4-4168-8297-ccdd091cb4ed,voters.direct,available,17.99,41.99,medium,low,6,namesilo,,,29/09/2026 10:41
1c6a52fe-3840-43c8-9ef0-3ba6a458c7d8,tissue.direct,available,17.99,41.99,high,low,6,namesilo,,,27/09/2026 05:43
4e978b1c-50b5-4a0f-932e-eb048ed3024b,aba.direct,available,14.98,53.98,high,low,3,namecheap,,,16/09/2026 13:42
ffc2c8ee-a78e-431b-a2d6-543bd4c9eb95,euclidian.direct,available,14.98,53.98,medium,low,9,namecheap,,,17/08/2026 14:04
3600017d-f54c-41bf-891f-020b845aa36f,tasseled.direct,available,14.98,53.98,medium,low,8,namecheap,,,11/09/2026 08:52
3e23ed05-0fe8-4a31-a84d-3ad550189f6c,doric.direct,available,14.98,53.98,medium,low,5,namecheap,,,14/08/2026 16:13
8135e1fa-f086-48b0-8d22-473ca6a0846e,burt.direct,available,17.99,41.99,high,low,4,namesilo,,,25/09/2026 03:54
6c873cb7-a81d-417d-9221-e596dd0f2bf2,fucksome.direct,available,19.99,,low,low,8,name.com,,,
f478858c-6fdd-406c-926e-8ef95443efe5,inductive.direct,available,14.98,53.98,high,low,9,namecheap,,,22/08/2026 03:29
9806a678-bcf3-4e8d-ae85-1221f4a14599,shanghai.direct,premium,54.36,108.6,high,low,8,porkbun,,,29/09/2026 08:03
7d641b97-8943-444f-982c-df1cd27b4751,stopping.direct,available,19.99,,high,low,8,name.com,,,
72c3c9aa-ab1d-46bd-9f25-c899e05c0287,confidence.direct,available,14.98,53.98,high,low,10,namecheap,,,20/09/2026 16:46
14b00827-e2bd-4fcd-ab3c-6552e9aa38d8,guildford.direct,available,17,,medium,low,9,unstoppable,,,29/09/2026 15:26
f4b8d223-65e5-4366-8a15-e5b91c508e60,potassium.direct,available,17.99,41.99,high,low,9,namesilo,,,20/09/2026 22:30
83de1b02-8466-4289-9aca-783efeb26bac,boron.direct,available,17.99,41.99,medium,low,5,namesilo,,,20/09/2026 23:12
2a7157e6-c9ea-46a7-8e75-9046f4d9644d,opera.direct,available,13.14,33.32,high,low,5,spaceship,,,28/09/2026 10:47
ac4a96d6-508c-46b3-94f8-c8098274fa58,scratches.direct,available,11.98,53.98,medium,low,9,namecheap,,,
2e3d5d82-fe88-4497-a799-cd62c4a2abc7,grooved.direct,available,14.98,53.98,medium,low,7,namecheap,,,20/08/2026 20:17
04830676-0bee-4d4d-84fa-2031594a6577,threat.direct,available,19.99,,high,low,6,name.com,,,
f493a7ed-1295-4855-b8ec-a8c012a7f140,reputedly.direct,available,14.98,53.98,medium,low,9,namecheap,,,15/09/2026 23:20
260139fc-5d16-46f2-a7e8-d94ea0f70a71,antitank.direct,available,14.98,53.98,medium,low,8,namecheap,,,05/08/2026 19:44
327f55e8-473b-4a0c-af58-0d918db5566a,advantages.direct,available,17.99,41.99,medium,low,10,namesilo,,,17/09/2026 07:07
79632495-7021-4c9b-8acc-609fed9f9f5b,forthright.direct,available,14.98,53.98,high,low,10,namecheap,,,11/08/2026 16:42
a45c5d2e-8cb7-4240-b49a-76746cf25bac,unexpectedly.direct,available,13.14,33.32,medium,low,12,spaceship,,,29/09/2026 03:10
ae658e5c-f8b5-4fff-976b-69c157ff53b7,droopy.direct,available,14.98,53.98,medium,low,6,namecheap,,,14/08/2026 19:43
4e25d6e3-494c-47c5-9e38-e05a417e1b41,parasites.direct,available,17.99,41.99,low,low,9,namesilo,,,29/09/2026 22:54
8428f525-d604-4119-8b19-ca8a8ec92bad,valley.direct,available,19.99,,high,low,6,name.com,,,
17f76845-de3f-45c4-abcb-37d496e8b374,fatally.direct,available,14.98,53.98,medium,low,7,namecheap,,,14/09/2026 17:51
ccdc50d0-4fd9-4e1a-8ac7-7a021d7d3660,chore.direct,available,10.81,33.47,high,low,5,porkbun,,,29/09/2026 09:00
f3c5e528-fe4a-420d-ba80-f63ed13645c3,pakistani.direct,available,14.98,53.98,high,low,9,namecheap,,,04/09/2026 23:13
c8a43a77-8231-491f-beaf-94a706a5d264,hutchins.direct,available,17,,medium,low,8,unstoppable,,,28/09/2026 19:28
07a7926e-2242-4f5f-915a-339ab0dfa8df,diluvian.direct,available,14.98,53.98,medium,low,8,namecheap,,,14/08/2026 07:51
bfeebc7f-fde0-4b38-8cfa-2afffec51dbf,curse.direct,available,17.99,41.99,high,low,5,namesilo,,,24/09/2026 04:27
9ecb7ead-c731-476f-a071-d180792b55ee,spawn.direct,available,14.98,53.98,high,low,5,namecheap,,,30/09/2026 00:52
2d445691-18fe-46e9-abc4-36b40ba583a6,kearney.direct,available,14.98,53.98,high,low,7,namecheap,,,28/09/2026 04:09
9107a12d-7d94-4620-8560-f5e11749427a,reverend.direct,available,14.98,53.98,high,low,8,namecheap,,,09/09/2026 16:06
150765ef-bdf2-4c1e-986a-3433d02f12a3,habit.direct,available,14.98,53.98,high,low,5,namecheap,,,25/09/2026 05:00
cd762f85-2096-490f-b449-d646fd2694d6,degenerate.direct,available,19.99,50.99,high,low,10,name.com,,,13/08/2026 20:16
5b2e1de9-b3da-4374-8d4c-6360371fe9b8,togged.direct,available,14.98,53.98,medium,low,6,namecheap,,,11/09/2026 16:44
a618c20e-f938-470f-8b97-9d75d56f468e,denis.direct,available,17.99,41.99,high,low,5,namesilo,,,25/09/2026 15:03
44463c8b-e2fb-4239-b3bd-048be1fb4c4d,strife.direct,available,14.98,53.98,high,low,6,namecheap,,,24/09/2026 22:33
c8d8e97e-db90-4be8-9a49-5abf16377a52,veal.direct,available,19.99,,medium,low,4,name.com,,,
ba1c0382-89be-4b14-be5e-3fd323f2ef4c,panadol.direct,available,14.98,53.98,high,low,7,namecheap,,,16/09/2026 23:53
9586588d-0a2b-4bc0-a33f-6783d707b18f,bullet.direct,available,32.2,32.2,high,low,6,cloudflare,,,29/09/2026 05:18
dd752c25-ddee-4ae9-abcd-4201ce18aa69,connors.direct,available,13.14,33.32,medium,low,7,spaceship,,,29/09/2026 06:24
b5c36eb5-1ca1-4652-a113-6788f50101ce,pursuit.direct,available,14.98,53.98,high,low,7,namecheap,,,21/09/2026 09:41
aee7e96c-067d-4121-bf97-f5b29fdc4b7b,habib.direct,available,10.81,33.47,high,low,5,porkbun,,,29/09/2026 15:09
7e7d2c90-fee5-42cc-9aea-1111df519db1,bullock.direct,available,17.99,41.99,high,low,7,namesilo,,,29/09/2026 11:48
c92ac960-f64e-43c9-971c-30e8b18131db,generously.direct,available,14.98,53.98,high,low,10,namecheap,,,14/09/2026 21:14
6013746a-9db9-4802-955d-334860097bf7,maniac.direct,available,14.98,53.98,high,low,6,namecheap,,,24/08/2026 11:21
09ebe7f2-97da-44bf-8a62-6234a6be17b3,momentarily.direct,available,13.14,33.32,medium,low,11,spaceship,,,29/09/2026 23:02
b440011f-8c8a-468d-828d-e04e65f1fc3a,suction.direct,available,17.99,41.99,high,low,7,namesilo,,,29/09/2026 14:01
3ae37b89-e4dd-4a14-83c5-300d6824a1ba,afflicted.direct,available,14.98,53.98,high,low,9,namecheap,,,
9818ddca-486b-43dc-baa9-9f41105af02c,willis.direct,available,17.99,41.99,high,low,6,namesilo,,,25/09/2026 10:53
f3769258-6ab9-4df5-802f-dcb5823262fd,relies.direct,available,17.99,41.99,medium,low,6,namesilo,,,20/09/2026 06:27
8071de1d-267f-4bfd-8313-b421cd17c2ce,volkswagen.direct,available,19.99,,high,low,10,name.com,,,
d614eb87-3c83-40fa-a40b-f7b03328ba8a,mathew.direct,available,17.99,41.99,medium,low,6,namesilo,,,28/09/2026 16:30
aaff81bc-0963-4b16-a0ca-59e1218b1495,springfield.direct,available,17,,high,low,11,unstoppable,,,29/09/2026 22:00
c3a4b175-9c1f-4b8c-aa05-1476546f4dcf,unfading.direct,available,14.98,53.98,medium,low,8,namecheap,,,12/09/2026 09:53
9645e54d-6be6-40cb-abfc-43cd0295e39f,spheroidal.direct,available,14.98,53.98,medium,low,10,namecheap,,,16/08/2026 05:22
5056213a-7d93-4aa5-9f12-b7fd0a82855c,bouffant.direct,available,14.98,53.98,high,low,8,namecheap,,,10/08/2026 21:32
be44cea3-2b24-437d-89ab-6ba0e0d0497d,garry.direct,available,17,,high,low,5,unstoppable,,,28/09/2026 03:42
c24cfebb-bebc-426f-87ae-ef18e4373475,giacometti.direct,available,17.99,41.99,high,low,10,namesilo,,,18/09/2026 02:46
619370f1-57c4-4fcd-9ce2-6d83e1c9e9a4,ndp.direct,available,17.99,41.99,high,low,3,namesilo,,,29/09/2026 09:39
0ba10d11-5331-433b-838a-c8d4582c3543,papist.direct,available,14.98,53.98,medium,low,6,namecheap,,,05/09/2026 01:35
80816d7a-78de-4eb3-babf-29937247da5c,bare.direct,available,14.98,53.98,high,low,4,namecheap,,,22/09/2026 11:54
dd60e77a-cf19-4c2c-9a9d-d3897b559939,liar.direct,available,13.14,33.32,high,low,4,spaceship,,,27/09/2026 14:44
d37746da-9050-4195-910f-e78110cf7699,bpm.direct,available,14.98,53.98,high,low,3,namecheap,,,22/09/2026 21:53
282ee6dd-3018-43e6-b1e5-3dbc74a6b6df,tuition.direct,available,17.99,41.99,high,low,7,namesilo,,,28/09/2026 15:30
5c30189f-1b79-4f02-a3f7-41c58f401276,trio.direct,available,14.98,53.98,high,low,4,namecheap,,,21/09/2026 13:05
9f428d86-1258-4653-a660-a0497055d989,bassett.direct,available,17.99,41.99,high,low,7,namesilo,,,27/09/2026 07:09
3594aa5d-3419-430f-97d4-3568d6dc33d2,polluted.direct,available,14.98,53.98,medium,low,8,namecheap,,,08/09/2026 23:08
72dc31ff-68c3-4770-a61e-3c5fa1fed9a6,steadied.direct,available,14.98,53.98,medium,low,8,namecheap,,,10/09/2026 19:30
8ccced7e-683b-4b19-832c-056970ceee5e,simplicity.direct,available,32.2,32.2,high,low,10,cloudflare,,,29/09/2026 08:19
68b50f78-49ce-40cb-b75b-6786a539c490,polk.direct,available,32.2,32.2,high,low,4,cloudflare,,,29/09/2026 07:22
dae60cf0-5844-4155-83d1-a4214ad9e623,hyaline.direct,available,14.98,53.98,medium,low,7,namecheap,,,21/08/2026 16:06
82f37cf5-5d04-4921-8140-64b6e7f37925,yellowcake.direct,available,19.99,,medium,low,11,name.com,,,
e804e89e-a1c2-45f0-901f-9788c8a40396,hopeless.direct,available,14.98,53.98,medium,low,8,namecheap,,,21/08/2026 13:54
c0e1d7e9-b58a-4e61-92f7-01bbbc8cfa34,dully.direct,available,14.98,53.98,low,low,5,namecheap,,,14/09/2026 14:43
5ab7eb35-e5dc-416d-b35c-fbb3dfe9d46b,grimy.direct,available,14.98,53.98,medium,low,5,namecheap,,,09/08/2026 09:25
c1755166-7770-4655-9b26-fdeb0fb51166,harmsworth.direct,available,17.99,41.99,high,low,10,namesilo,,,18/09/2026 06:27
bac8c503-566a-49a5-9b1b-b483200e3c9f,affidavit.direct,available,13.14,33.32,high,low,9,spaceship,,,28/09/2026 19:16
62552c7f-85a3-4cb3-926c-892db6085c22,islamic.direct,premium,118.8,118.8,high,low,7,namesilo,,,22/08/2026 10:50
7920b348-112f-4a4f-b110-fa858dee40b5,androgyne.direct,available,14.98,53.98,medium,low,9,namecheap,,,17/08/2026 10:38
bd8f0d3a-535a-42e6-9cae-f88f06335256,benison.direct,available,17.99,41.99,medium,low,7,namesilo,,,23/09/2026 08:11
8ac97b5c-b3e7-49f0-b5aa-2a9122fe36f1,necessity.direct,available,17.99,41.99,high,low,9,namesilo,,,24/09/2026 15:20
cfb6a841-46cc-4417-ab90-da0a99e1e09b,bananas.direct,available,17.99,41.99,high,low,7,namesilo,,,28/09/2026 15:58
e7d4371f-32fb-435b-93ad-bdb31ab64925,haired.direct,available,14.98,53.98,medium,low,6,namecheap,,,20/08/2026 22:09
cd2076b5-a206-4f4a-9d0a-3d4b4b4d62f4,parity.direct,available,17.99,41.99,high,low,6,namesilo,,,24/09/2026 13:55
72e85273-6287-4841-b0c5-45515a6f2356,sole.direct,available,17.99,41.99,high,low,4,namesilo,,,27/09/2026 23:42
1c08d186-4d06-4b01-adb6-d6b67a018fac,inhumane.direct,available,14.98,53.98,medium,low,8,namecheap,,,22/08/2026 05:17
e4db9fca-1573-4344-b2fa-41a4e20e07ab,thirteen.direct,available,17.99,41.99,high,low,8,namesilo,,,21/09/2026 11:32
60d0c749-7a61-4bf5-9450-ee445beb43cf,nist.direct,available,13.14,33.32,high,low,4,spaceship,,,29/09/2026 19:44
32190c9e-026c-49ca-b0f5-468416fc6fde,typing.direct,available,19.99,,high,low,6,name.com,,,
c64dc45e-7fba-476a-bc0b-a937227c617c,dresses.direct,premium,118.8,118.8,medium,low,7,namesilo,,,18/09/2026 07:11
cde35c96-78f0-4e3e-8ebc-fb85570472ed,befog.direct,available,14.98,53.98,medium,low,5,namecheap,,,03/09/2026 23:52
09f6629a-7297-4839-adaf-e5351085760b,writes.direct,available,17.99,41.99,medium,low,6,namesilo,,,17/09/2026 14:27
101e6066-2ab1-49f2-85ca-6441a95dd6de,kurt.direct,available,17.99,41.99,high,low,4,namesilo,,,25/09/2026 13:27
800a5c50-6f94-439f-b7df-15d0709f319b,manners.direct,available,17.99,41.99,high,low,7,namesilo,,,27/09/2026 04:41
722d26f3-e438-46d7-99da-150df214ee22,thicker.direct,available,17.99,41.99,medium,low,7,namesilo,,,29/09/2026 16:25
5199ce4f-ca28-4ffc-8122-205d54212946,sponsored.direct,available,17.99,41.99,medium,low,9,namesilo,,,29/09/2026 10:41
be13a1a0-4b31-42c4-8b3e-93a192521d56,poolside.direct,available,19.99,,high,low,8,name.com,,,
ea04c15a-1a6c-40c7-98a1-1e0f2f7f23d3,eel.direct,available,17,,high,low,3,unstoppable,,,30/09/2026 01:28
f1933ea4-2b29-40f2-8871-0af32cef6fb2,diverging.direct,available,14.98,53.98,high,low,9,namecheap,,,14/08/2026 13:37
2585e174-47a6-437f-bd55-3532eb51b7c9,calendric.direct,available,14.98,53.98,medium,low,9,namecheap,,,11/08/2026 14:14
a493e1bc-aca1-4d2d-980f-fcf7346d3de3,bro.direct,available,19.99,,high,low,3,name.com,,,
c9bc30cc-d4ce-4ea3-b5c5-259a98a16b15,asparagus.direct,available,14.98,53.98,high,low,9,namecheap,,,20/09/2026 14:40
634d0918-ef69-4c33-b953-1269c55f2923,pitfall.direct,available,19.99,,medium,low,7,name.com,,,
dfbdf260-74f9-4c61-aada-964acbc65f70,convolute.direct,available,14.98,53.98,medium,low,9,namecheap,,,12/08/2026 23:57
121251f7-d69c-43d1-b7ca-3550ffd9a6df,dont.direct,available,17.99,41.99,low,low,4,namesilo,,,17/09/2026 00:37
37e10ad5-926f-47f2-99e9-dc66c867b003,flapjack.direct,available,17.99,41.99,high,low,8,namesilo,,,22/09/2026 14:32
37d7cc7e-ac14-4761-96be-29127d6186bf,grey.direct,available,14.98,53.98,high,low,4,namecheap,,,08/09/2026 07:08
01985ed7-5b65-4794-b48a-2ce11c91370a,godfather.direct,available,10.81,33.47,high,low,9,porkbun,,,28/09/2026 14:19
1b16d904-7fa7-4717-b393-7932cc931572,zombi.direct,available,17.99,41.99,medium,low,5,namesilo,,,21/09/2026 07:04
b58f7776-1650-48d7-b308-20d3f8c05126,kinds.direct,available,14.98,53.98,medium,low,5,namecheap,,,25/09/2026 19:57
fe9e3849-087b-4edb-b8ce-4e2edb6bbc33,reactivity.direct,available,17,,high,low,10,unstoppable,,,29/09/2026 20:07
e91cef1d-f7b1-4b7f-adef-3108ae8eaf94,shut.direct,available,14.98,53.98,high,low,4,namecheap,,,12/08/2026 12:10
731d9a0c-3545-4e66-b9e7-44df0bdb56ea,joined.direct,available,14.98,53.98,high,low,6,namecheap,,,25/09/2026 11:54
1ce7a4db-40ce-49eb-8be3-85cdba447a39,affirmation.direct,available,17.99,41.99,high,low,11,namesilo,,,16/09/2026 08:52
3c112a86-6880-4344-8adb-605dc9413cdf,buffet.direct,available,17.99,41.99,high,low,6,namesilo,,,19/09/2026 17:05
d348dfef-abc0-4365-b6c5-64eb454db8bb,cbe.direct,available,13.14,33.32,high,low,3,spaceship,,,29/09/2026 09:19
861aeb48-875f-4285-8d3e-e34c4b9da66f,specify.direct,available,13.14,33.32,high,low,7,spaceship,,,29/09/2026 20:40
ee838ed0-5de3-4437-adf4-77d3f268de45,cooler.direct,available,14.98,53.98,high,low,6,namecheap,,,24/09/2026 18:05
762e3568-0d90-4b77-a46c-050794cf1d85,framework.direct,available,14.98,53.98,high,low,9,namecheap,,,25/08/2026 02:30
3339812a-cde9-4503-a3e2-dca3b62c476d,coiling.direct,available,14.98,53.98,medium,low,7,namecheap,,,12/08/2026 16:09
3828d312-00a4-4208-87b5-e483ce08da96,stout.direct,available,14.98,53.98,high,low,5,namecheap,,,21/08/2026 00:54
6e73cf2d-2b39-40bc-be58-4af0cf61f79b,sass.direct,available,17.99,41.99,high,low,4,namesilo,,,21/09/2026 14:47
6d3ff1bc-21b6-46df-981d-80373eb4d848,astatine.direct,available,17.99,41.99,medium,low,8,namesilo,,,20/09/2026 16:55
56ead255-8f76-4754-92a5-c4d354cf70c9,infantry.direct,available,10.81,33.47,high,low,8,porkbun,,,29/09/2026 13:08
8db33b14-3d4a-4dbe-a2f2-ae05d241f16e,scarlett.direct,available,19.99,,high,low,8,name.com,,,
842367de-454e-4752-b875-48571a2d4805,mosque.direct,available,19.99,,high,low,6,name.com,,,
01ae00ce-940a-402a-8676-cd44028c8b2b,custodial.direct,available,14.98,53.98,high,low,9,namecheap,,,13/08/2026 12:19
496772c9-f3c0-494f-a3e8-8b2ee53b076d,because.direct,available,19.99,,high,low,7,name.com,,,
4ccc0b3c-6e16-452e-9e89-3558311284ef,dorset.direct,available,13.14,33.32,high,low,6,spaceship,,,27/09/2026 18:47
e6e0b027-4833-4cf8-9ebd-cb1bddafdf76,sirens.direct,available,17.99,41.99,medium,low,6,namesilo,,,21/09/2026 02:34
47b4039f-2fc2-44bb-a109-5dfd7ba84780,ages.direct,available,19.99,,medium,low,4,name.com,,,
9c07289b-2f99-40dd-99d5-5ad8a14da57b,bellhop.direct,available,14.98,53.98,high,low,7,namecheap,,,23/09/2026 06:01
c7f389f1-f2fd-4b06-9723-731e0989db8b,servile.direct,available,14.98,53.98,medium,low,7,namecheap,,,10/09/2026 04:55
dec8fd66-024f-497f-a0a1-82a37e1bcae5,claptrap.direct,available,14.98,53.98,medium,low,8,namecheap,,,24/09/2026 03:39
ea2fcacd-7ec4-4907-9a29-4648c7d4839b,danielle.direct,available,17,,medium,low,8,unstoppable,,,28/09/2026 08:28
c0f3f4a9-0121-49d3-bffd-8a33055fcd70,pear.direct,available,17,,high,low,4,unstoppable,,,29/09/2026 19:55
706e6462-b708-4996-bad1-d0c8a561615c,mistaken.direct,available,14.98,53.98,medium,low,8,namecheap,,,25/08/2026 01:52
52be9406-b9c6-499e-8c03-956a2c008ff1,physic.direct,available,13.14,33.32,medium,low,6,spaceship,,,28/09/2026 07:44
7193a2ce-4568-4951-93ed-135be69cc1b6,sedated.direct,available,14.98,53.98,low,low,7,namecheap,,,16/09/2026 18:04
9ccb5325-9856-4e94-9d9f-9e2dd9c4cf29,baric.direct,available,14.98,53.98,low,low,5,namecheap,,,08/08/2026 19:31
0c5aee57-e234-4fdd-9d98-fb0eb76112d8,unhurried.direct,available,14.98,53.98,medium,low,9,namecheap,,,12/09/2026 12:39
23b38703-3620-447f-88c2-6d2a5ec550d3,tenebrous.direct,available,14.98,53.98,medium,low,9,namecheap,,,11/09/2026 11:19
446e7a81-52e1-420a-b6aa-6b5acf2f873b,attitude.direct,available,17.99,41.99,high,low,8,namesilo,,,28/09/2026 23:06
9b8f2021-d3ae-4c88-a443-05849ba2a095,coy.direct,available,17.99,41.99,high,low,3,namesilo,,,24/09/2026 01:10
00012429-bd53-4d5d-b1d4-8686f4a6ad3b,abdominal.direct,available,17.99,41.99,high,low,9,namesilo,,,21/09/2026 13:47
7c88ffb2-f0d9-4860-b72b-dd53bd980647,excuse.direct,available,17.99,41.99,high,low,6,namesilo,,,25/09/2026 22:39
b558f13f-7822-4620-b59d-da4004771891,cocktail.direct,available,32.2,32.2,high,low,8,cloudflare,,,28/09/2026 07:31
2e3fc840-454a-496b-a67b-05861a04eb17,questionable.direct,available,32.2,32.2,high,low,12,cloudflare,,,29/09/2026 02:59
5664901d-326c-43e4-83ea-901a0d9f9a4e,honcho.direct,available,14.98,53.98,high,low,6,namecheap,,,10/08/2026 20:40
7b087b2d-b06b-4317-ab3a-d0174335a722,technician.direct,available,17.99,41.99,high,low,10,namesilo,,,28/09/2026 15:27
aeec86e0-ab0c-41fb-8c20-ca03797c8019,pentad.direct,available,14.98,53.98,medium,low,6,namecheap,,,
3d3413e2-42fa-47aa-883f-0c87162a416e,disguised.direct,available,14.98,53.98,medium,low,9,namecheap,,,12/08/2026 11:30
27313f37-e2a3-4b93-b096-77c623d993cf,assamese.direct,available,14.98,53.98,medium,low,8,namecheap,,,07/08/2026 05:38
4e43ce9e-8847-4d63-b9b7-ccb1d2b70514,ahorseback.direct,available,14.98,53.98,medium,low,10,namecheap,,,
1586ff30-bd82-4e20-8d74-ee995eb3ffd0,leaf.direct,available,13.14,33.32,high,low,4,spaceship,,,29/09/2026 19:38
17ea7abb-57ce-4aa4-a5a5-30b49d1b7834,nonporous.direct,available,14.98,53.98,medium,low,9,namecheap,,,03/09/2026 20:18
c82fbb45-9e7c-4e53-94c4-ef5d5a5e1507,hardworking.direct,available,19.99,,high,low,11,name.com,,,
3212b7b4-679e-4d4b-9256-eff82c3fbfe5,lumpen.direct,available,14.98,53.98,medium,low,6,namecheap,,,24/08/2026 11:14
bf641d21-82ad-4e71-a3fe-af6521f53d39,nes.direct,available,10.81,33.47,high,low,3,porkbun,,,28/09/2026 03:45
53e4d651-2679-4234-b985-19c086a2b134,leukaemia.direct,available,17.99,41.99,medium,low,9,namesilo,,,24/09/2026 11:59
13a75b06-96c1-4205-a68c-9514d47e7c75,unanimous.direct,available,14.98,53.98,high,low,9,namecheap,,,12/08/2026 22:33
ec7357fb-66fb-465d-b991-deeec09105f7,sioux.direct,available,14.98,53.98,high,low,5,namecheap,,,10/09/2026 08:46
f75f0850-1add-4b6c-a7b4-0d5e832a74b9,siren.direct,available,13.14,33.32,high,low,5,spaceship,,,29/09/2026 06:45
2669ef38-91d8-4714-862c-68f831adad69,parent.direct,premium,118.8,118.8,high,low,6,namesilo,,,
608cf365-319f-4f0f-af9a-0ee21ac53f4c,everyone.direct,available,19.99,,high,low,8,name.com,,,
c3945eb3-defb-466f-8411-ac8fef932a18,menus.direct,available,13.14,33.32,medium,low,5,spaceship,,,28/09/2026 08:20
1f08fb39-4347-4627-85a7-da5fc691b5e9,spelling.direct,available,17,,high,low,8,unstoppable,,,28/09/2026 03:07
7e88c8c1-5254-4dfc-9f32-f78628ed1f64,agnosia.direct,available,17.99,41.99,medium,low,7,namesilo,,,17/09/2026 18:46
559561e4-2f6a-4afc-8fd4-d719ad17d29e,carat.direct,available,14.98,53.98,high,low,5,namecheap,,,24/09/2026 12:45
fdf75154-f3f9-499f-ba55-ba26535ceff3,dished.direct,available,14.98,53.98,medium,low,6,namecheap,,,14/08/2026 10:52
d5baf2fa-615a-4924-8fb7-cae1b17df8ec,brains.direct,available,14.98,53.98,high,low,6,namecheap,,,25/09/2026 18:40
c3e09d16-9867-4412-b994-a1ec376655c8,sanctions.direct,available,14.98,53.98,medium,low,9,namecheap,,,20/09/2026 01:56
28cdf967-103d-4459-af76-1e22d8e91f3b,mysterious.direct,available,17.99,41.99,high,low,10,namesilo,,,24/09/2026 03:42
9572238b-ab7d-4706-971e-27c58e28d1a6,antiproton.direct,available,14.98,53.98,medium,low,10,namecheap,,,19/09/2026 15:01
e5607a2f-91ab-4c23-9054-93f61595f355,masoud.direct,available,14.98,53.98,medium,low,6,namecheap,,,17/09/2026 20:25
50a98914-f6cb-4fd8-a884-85cd082bf8d0,advisable.direct,available,14.98,53.98,high,low,9,namecheap,,,
a3a61a34-e14a-4660-a629-10c3a4d4baf4,alsatia.direct,available,17.99,41.99,medium,low,7,namesilo,,,18/09/2026 14:16
ef518b5b-c8b1-43d4-9921-248872fabac0,taradiddle.direct,available,17.99,41.99,medium,low,10,namesilo,,,21/09/2026 23:52
c2a7fe20-daa1-4bc3-8cb6-c888c62626b8,moony.direct,available,14.98,53.98,medium,low,5,namecheap,,,14/08/2026 18:50
5f9f62e4-f96e-4f33-bcd0-ad9495b749d0,bade.direct,available,17.99,41.99,high,low,4,namesilo,,,21/09/2026 17:00
c4d31282-3ad4-42af-a5a3-439b0db5d4a5,granddad.direct,available,17,,high,low,8,unstoppable,,,29/09/2026 21:09
3c182384-93e2-45d1-b0bc-b3ecd61a184c,whipped.direct,available,13.14,33.32,medium,low,7,spaceship,,,28/09/2026 21:21
b10bdbc3-bdaf-4d06-aebc-e65c22f394d5,idiopathic.direct,available,14.98,53.98,medium,low,10,namecheap,,,21/08/2026 18:09
e3131129-68b2-4809-868e-ef436b2f65e4,magnitude.direct,available,13.14,33.32,high,low,9,spaceship,,,29/09/2026 01:37
96d3126b-0396-4813-acfe-7ad53cf95bb3,satiny.direct,available,14.98,53.98,medium,low,6,namecheap,,,09/09/2026 21:41
448df1a9-8ef7-4074-bd26-f2979bee2a6a,freddy.direct,available,32.2,32.2,high,low,6,cloudflare,,,28/09/2026 07:49
08dc728f-7583-4515-bb83-0c02933b9c83,mural.direct,available,14.98,53.98,high,low,5,namecheap,,,03/09/2026 11:00
98cb086e-8e33-4187-b69a-532c1bfa471c,jennifer.direct,available,17.99,41.99,high,low,8,namesilo,,,25/09/2026 14:21
537a2c26-c970-4613-8af5-1d0d7eb2b49f,hauling.direct,available,19.99,63.99,high,low,7,godaddy,,,30/09/2026 01:50
53fc332a-5101-46aa-9c41-800d1c0781f6,mediaeval.direct,available,14.98,53.98,medium,low,9,namecheap,,,24/08/2026 18:49
62784bc7-6e25-42e0-ad2c-16caba66f536,erstwhile.direct,available,14.98,53.98,medium,low,9,namecheap,,,17/08/2026 13:05
aa2be8e6-512a-443b-a96d-1b1c08cc19f3,courtly.direct,available,14.98,53.98,high,low,7,namecheap,,,13/08/2026 03:50
f13440c3-e87c-4833-a66f-9c1cc6d65590,athwart.direct,available,14.98,53.98,medium,low,7,namecheap,,,13/09/2026 22:38
92625806-8184-4839-a45b-e3342640dbbf,scheduled.direct,available,10.92,34.35,high,low,9,dynadot,,,27/09/2026 18:26
d394196d-4302-4efd-a8ee-ac2c8f3a852a,semiotical.direct,available,14.98,53.98,medium,low,10,namecheap,,,10/09/2026 03:15
1428f538-652b-426d-93c8-59f6039b14d7,kristin.direct,available,17.99,41.99,medium,low,7,namesilo,,,29/09/2026 03:57
60343e46-52dc-4d11-a20b-96c9b970e59f,nobles.direct,available,14.98,53.98,high,low,6,namecheap,,,29/09/2026 15:05
708a6d2a-ab9f-440c-886b-c74267ce9d58,wings.direct,available,17.99,41.99,high,low,5,namesilo,,,25/09/2026 11:03
932ca3c5-6385-4dbc-95a2-42e94675fadd,groves.direct,available,13.14,33.32,high,low,6,spaceship,,,29/09/2026 21:37
925a6f78-3328-4562-9a30-77f540e281f6,brisant.direct,available,14.98,53.98,medium,low,7,namecheap,,,11/08/2026 04:27
36b30b0f-4436-4b95-8379-b80f64ee2d82,splashy.direct,available,14.98,53.98,medium,low,7,namecheap,,,18/08/2026 06:22
a02c8ad2-3a62-440e-8d05-f1ede23bbb85,mattresses.direct,premium,242,242,medium,low,10,namesilo,,,20/09/2026 14:45
a4139dd4-2df4-4927-90de-7c892d7f40c8,retirement.direct,available,19.99,,high,low,10,name.com,,,
eb27b294-3c53-4870-82c1-c7fe9c1c7ccd,djia.direct,available,19.99,,high,low,4,name.com,,,
0eb5eb45-f44f-4b0b-a7b1-e6642611b385,necessities.direct,available,19.99,,medium,low,11,name.com,,,
96300426-801e-4b4e-a1b9-4b1bd17f1a33,fergus.direct,available,17.99,41.99,medium,low,6,namesilo,,,29/09/2026 05:30
43c10659-b074-4955-a9d6-179ab5df3312,deficiency.direct,available,32.2,32.2,medium,low,10,cloudflare,,,29/09/2026 18:36
faceca64-db6a-4cc0-b64d-b3a6b9084356,pompous.direct,available,14.98,53.98,medium,low,7,namecheap,,,12/08/2026 00:37
c56bf2cb-4f30-471d-91a5-98d684c1a8d1,newest.direct,available,14.98,53.98,high,low,6,namecheap,,,18/09/2026 15:57
2263fd27-1ec2-48ec-bd2a-5df8222f641f,pepperidge.direct,available,17.99,41.99,medium,low,10,namesilo,,,24/09/2026 00:49
124e85c2-33bb-4966-b1e9-3501114b97f3,helmet.direct,available,17.99,41.99,high,low,6,namesilo,,,25/09/2026 23:05
4556a542-6049-4d9c-af60-6f3c29420a3b,highest.direct,available,17.99,41.99,medium,low,7,namesilo,,,25/09/2026 16:49
a2e435ab-8e62-4050-8c59-9921e249535e,supermarket.direct,available,19.99,,high,low,11,name.com,,,
79707e80-9637-4f18-b4b5-9108759695eb,apophatic.direct,available,14.98,53.98,medium,low,9,namecheap,,,06/08/2026 02:27
576139d9-0646-4881-b15b-1c965842b5e6,grandiose.direct,available,14.98,53.98,high,low,9,namecheap,,,20/08/2026 17:58
7faf1899-6db8-460b-bd7e-40c38413c895,tidal.direct,available,14.98,53.98,high,low,5,namecheap,,,11/09/2026 15:34
723b54fd-aba9-4755-9998-9413f1a221f0,cleverly.direct,available,17.99,41.99,high,low,8,namesilo,,,28/09/2026 13:56
27ab7b6a-e7e8-42de-b476-a64b043a29f6,crowned.direct,available,14.98,53.98,high,low,7,namecheap,,,13/08/2026 08:34
5946d916-0edc-4f4d-b430-4b69150ccc2e,pestilent.direct,available,14.98,53.98,medium,low,9,namecheap,,,08/08/2026 12:06
2b465865-bab9-4b69-bc0f-92ac54159633,unipolar.direct,available,14.98,53.98,medium,low,8,namecheap,,,12/09/2026 13:46
92140479-d061-4b5a-ad42-00c8e24242eb,honduran.direct,available,14.98,53.98,medium,low,8,namecheap,,,21/08/2026 13:17
6657c60e-fb56-4374-b3eb-671bc61aff3a,melody.direct,available,13.14,33.32,high,low,6,spaceship,,,28/09/2026 02:24
ad0ecd40-df3f-45be-bf68-b44f5e8d76fb,mithraic.direct,available,14.98,53.98,medium,low,8,namecheap,,,25/08/2026 01:58
ad609f67-1577-4eb7-8322-47a52de1f166,deported.direct,available,17,,low,low,8,unstoppable,,,29/09/2026 16:30
da282fb9-1512-477f-b903-7a4ac40a5e69,sentential.direct,available,14.98,53.98,medium,low,10,namecheap,,,10/09/2026 03:50
9f731199-1f23-47e2-820a-d0ec4cdc1856,letters.direct,available,19.99,,high,low,7,name.com,,,
3eddf5bb-e9ad-4999-85cc-e6ff35a49225,earthquake.direct,available,14.98,53.98,high,low,10,namecheap,,,27/09/2026 13:14
f6bf3f12-1f6a-4b1c-922d-6b7f88cdf89c,goody.direct,available,19.99,50.99,high,low,5,name.com,,,13/08/2026 15:54
fd32fe7f-5d5e-4862-a824-03410fef5b91,knackered.direct,available,14.98,53.98,medium,low,9,namecheap,,,22/08/2026 16:23
571db3eb-b5b6-4564-b442-49d3ad8169e9,abashed.direct,available,14.98,53.98,medium,low,7,namecheap,,,
7bbf1e87-f0e9-48c6-a6f7-a0bd23214cf8,asterisk.direct,available,17.99,41.99,high,low,8,namesilo,,,20/09/2026 17:11
c7021fd3-60eb-40bf-a9c4-5c6f5f61d6ad,portland.direct,premium,118.8,118.8,high,low,8,namesilo,,,
f048854d-abcf-40e3-9b41-eda1251e0677,poultry.direct,available,17.99,41.99,high,low,7,namesilo,,,24/09/2026 23:24
2b60f3bf-6d08-4a78-ba9c-872ae0e1466d,blueness.direct,available,14.98,53.98,high,low,8,namecheap,,,10/08/2026 15:51
afecf783-34da-4c4b-a0a6-41e675eaab92,assagai.direct,available,14.98,53.98,medium,low,7,namecheap,,,20/09/2026 15:41
d014268d-33f6-4561-ac82-02aeaa7adef9,cosmos.direct,available,13.14,33.32,high,medium,6,spaceship,,,28/09/2026 10:55
1efbe031-67d0-4260-a29a-60931c342c43,albright.direct,available,17.99,41.99,medium,low,8,namesilo,,,28/09/2026 12:24
36ca4706-b917-4dc9-805a-57a1f5847230,scorched.direct,available,14.98,53.98,medium,low,8,namecheap,,,
023d6675-5664-44bc-bcfc-3973b75eab32,artisan.direct,resell,,,high,low,7,"Sav.com, LLC - 15",27/05/2026 15:16,27/05/2027 15:16,26/09/2026 04:03
6982f320-99d5-4879-9410-1c66f8ad8c6b,conjoined.direct,available,14.98,53.98,high,low,9,namecheap,,,12/08/2026 22:03
4fad05f4-49a2-4396-93ac-deaf83c3bb25,battle.direct,available,17.99,41.99,high,low,6,namesilo,,,22/09/2026 14:39
9494e98b-f14e-4ea4-ba4e-b6ab40daf56b,howells.direct,available,10.92,34.35,high,low,7,dynadot,,,29/09/2026 19:11
adc55cbd-1e39-4771-b5d0-bc5dcbf3aa50,deborah.direct,available,13.14,33.32,medium,low,7,spaceship,,,28/09/2026 12:59
0b23230a-cbf6-4cfc-acbf-23fe65e744c3,compassionate.direct,available,32.2,32.2,high,low,13,cloudflare,,,29/09/2026 21:13
63a745c0-7f4d-430d-9ddb-d6c98cfb024f,blink.direct,premium,1040,1040,high,medium,5,namecheap,,,22/09/2026 22:02
b8ba3073-7a82-46d2-94b6-eb367c38b87a,abator.direct,available,17.99,41.99,medium,low,6,namesilo,,,16/09/2026 14:13
2de44a86-b228-44d8-b36c-8d1d0e0448e2,lifelong.direct,available,14.98,53.98,high,low,8,namecheap,,,23/08/2026 01:51
4a238fa8-53bd-4a66-aa7a-4975a09e2fb1,resect.direct,available,14.98,53.98,medium,low,6,namecheap,,,17/08/2026 15:12
7e621ab5-89fd-4198-8778-4766205f0f93,flinty.direct,available,14.98,53.98,medium,low,6,namecheap,,,18/08/2026 08:18
15c9c23a-c5ff-4d45-955d-cb0c9a33175d,gunrunner.direct,available,17.99,41.99,medium,low,9,namesilo,,,20/09/2026 07:45
1fdd9e0a-bb61-495f-9755-8216ccede304,angelique.direct,available,17.99,41.99,high,low,9,namesilo,,,19/09/2026 05:58
44a780dc-0a70-4bad-b52a-0ccdb0fe6091,greasy.direct,available,14.98,53.98,high,low,6,namecheap,,,20/08/2026 19:35
e617cb28-3d91-4dd8-8bb2-7dbe1b4ddbcb,homewards.direct,available,14.98,53.98,medium,low,9,namecheap,,,21/08/2026 11:24
85dba6bc-4e34-4aad-89d4-ffcd463f0370,movements.direct,available,17,,medium,low,9,unstoppable,,,28/09/2026 12:36
e5ef2e00-671e-4813-a450-212248bcc5bf,eggs.direct,available,10.92,34.35,high,low,4,dynadot,,,29/09/2026 17:47
026d7039-815d-47e5-b16c-ce49dceccf5b,decoy.direct,available,17.99,41.99,high,low,5,namesilo,,,30/09/2026 01:16
2b764095-19fd-42ca-926a-37cb32967916,unparallel.direct,available,14.98,53.98,medium,low,10,namecheap,,,12/09/2026 16:27
037b9dd5-fc72-4df1-b7b7-786504d41ca6,pennate.direct,available,14.98,53.98,medium,low,7,namecheap,,,08/09/2026 14:37
8e15cb3b-c905-458f-a6c0-ef510f58650b,unlovely.direct,available,14.98,53.98,medium,low,8,namecheap,,,12/09/2026 15:12
f4cc9730-1887-4d65-bf0f-0c66f11d8695,transplant.direct,available,17.99,41.99,high,low,10,namesilo,,,28/09/2026 02:03
ca4de390-2493-4023-bf3d-6baf6c49b7d6,polysemous.direct,available,14.98,53.98,medium,low,10,namecheap,,,08/09/2026 23:31
041ec4fd-5e42-45d6-b69f-3f681bf934ae,leasing.direct,resell,,,high,low,7,Dynadot Inc,17/05/2022 13:15,17/05/2027 13:15,26/09/2026 07:11
e8ede6da-53d1-4940-8357-af608e680e85,horace.direct,available,17.99,41.99,high,low,6,namesilo,,,28/09/2026 02:07
610a0f6b-32cb-4e1d-a264-bfc17fc68def,tenderness.direct,available,17.99,41.99,high,low,10,namesilo,,,17/09/2026 14:18
722f02e8-6e2e-4dd6-8139-da127a6a67da,creaseless.direct,available,14.98,53.98,medium,low,10,namecheap,,,13/08/2026 05:47
c35f43a3-d340-4cba-a3ea-ada9364b21a9,hothead.direct,available,19.99,50.99,medium,low,7,name.com,,,13/08/2026 17:45
950e232d-ccd3-4296-9524-5c06d4b304b7,tardy.direct,available,14.98,53.98,medium,low,5,namecheap,,,09/08/2026 12:42
a1b2b345-f38e-4ab2-92e7-86ca01d7ea02,gauge.direct,available,14.98,53.98,high,low,5,namecheap,,,29/09/2026 00:50
ad5acb8c-fe5a-47ef-9341-0ec6d3a10056,twice.direct,available,14.98,53.98,medium,low,5,namecheap,,,28/09/2026 14:37
38314556-25a7-40f5-b562-a9e6a2730f7e,inherent.direct,available,17.99,41.99,high,low,8,namesilo,,,23/09/2026 10:30
1355f042-8374-4ca3-8a91-021f0a83f684,seagull.direct,available,19.99,,high,low,7,name.com,,,
2bc94663-7018-4735-a8e5-922062117614,liable.direct,available,19.99,,high,low,6,name.com,,,
cef92b28-5004-471e-a6cd-84f3f4e31cb6,loretta.direct,available,13.14,33.32,medium,low,7,spaceship,,,28/09/2026 22:00
816f3dcc-9cf2-4220-887f-8f70e942c216,sporadic.direct,available,14.98,53.98,medium,low,8,namecheap,,,10/09/2026 16:29
9f4f1847-35c3-4454-8cfa-38cef8e038d7,bearwood.direct,available,19.99,50.99,medium,low,8,name.com,,,22/09/2026 20:58
cd19ecec-acbc-42b3-a86c-746ba816f6be,peiping.direct,available,17.99,41.99,medium,low,7,namesilo,,,23/09/2026 04:16
0f17f595-abd5-4b70-845c-6e77f1f72ed4,aranyaka.direct,available,17.99,41.99,medium,low,8,namesilo,,,20/09/2026 00:08